symbol,company_name,trading_date,trading_time,price
RELIANCE,Reliance Industries,2026-09-01,09:15,2911.02
RELIANCE,Reliance Industries,2026-09-01,09:45,2904.4
RELIANCE,Reliance Industries,2026-09-01,10:15,2898.26
RELIANCE,Reliance Industries,2026-09-01,10:45,2891.6
RELIANCE,Reliance Industries,2026-09-01,11:15,2888.66
RELIANCE,Reliance Industries,2026-09-01,11:45,2880.17
RELIANCE,Reliance Industries,2026-09-01,12:15,2869.33
RELIANCE,Reliance Industries,2026-09-01,12:45,2864.21
RELIANCE,Reliance Industries,2026-09-01,13:15,2866.71
RELIANCE,Reliance Industries,2026-09-01,13:45,2885.64
RELIANCE,Reliance Industries,2026-09-01,14:15,2905.88
RELIANCE,Reliance Industries,2026-09-01,14:45,2916.94
RELIANCE,Reliance Industries,2026-09-01,15:15,2917.56
RELIANCE,Reliance Industries,2026-09-02,09:15,2882.94
RELIANCE,Reliance Industries,2026-09-02,09:45,2890.37
RELIANCE,Reliance Industries,2026-09-02,10:15,2894.14
RELIANCE,Reliance Industries,2026-09-02,10:45,2883.07
RELIANCE,Reliance Industries,2026-09-02,11:15,2878.68
RELIANCE,Reliance Industries,2026-09-02,11:45,2866.15
RELIANCE,Reliance Industries,2026-09-02,12:15,2850.33
RELIANCE,Reliance Industries,2026-09-02,12:45,2861.55
RELIANCE,Reliance Industries,2026-09-02,13:15,2876.7
RELIANCE,Reliance Industries,2026-09-02,13:45,2885.84
RELIANCE,Reliance Industries,2026-09-02,14:15,2901.5
RELIANCE,Reliance Industries,2026-09-02,14:45,2908.38
RELIANCE,Reliance Industries,2026-09-02,15:15,2903.41
RELIANCE,Reliance Industries,2026-09-03,09:15,2903.61
RELIANCE,Reliance Industries,2026-09-03,09:45,2897.74
RELIANCE,Reliance Industries,2026-09-03,10:15,2903.36
RELIANCE,Reliance Industries,2026-09-03,10:45,2893.49
RELIANCE,Reliance Industries,2026-09-03,11:15,2888.58
RELIANCE,Reliance Industries,2026-09-03,11:45,2872.24
RELIANCE,Reliance Industries,2026-09-03,12:15,2867.98
RELIANCE,Reliance Industries,2026-09-03,12:45,2866.11
RELIANCE,Reliance Industries,2026-09-03,13:15,2881.07
RELIANCE,Reliance Industries,2026-09-03,13:45,2898.39
RELIANCE,Reliance Industries,2026-09-03,14:15,2911.44
RELIANCE,Reliance Industries,2026-09-03,14:45,2918.88
RELIANCE,Reliance Industries,2026-09-03,15:15,2914.2
RELIANCE,Reliance Industries,2026-09-04,09:15,2918.94
RELIANCE,Reliance Industries,2026-09-04,09:45,2926.96
RELIANCE,Reliance Industries,2026-09-04,10:15,2925.04
RELIANCE,Reliance Industries,2026-09-04,10:45,2924.72
RELIANCE,Reliance Industries,2026-09-04,11:15,2915.58
RELIANCE,Reliance Industries,2026-09-04,11:45,2897.37
RELIANCE,Reliance Industries,2026-09-04,12:15,2898.59
RELIANCE,Reliance Industries,2026-09-04,12:45,2901.53
RELIANCE,Reliance Industries,2026-09-04,13:15,2909.75
RELIANCE,Reliance Industries,2026-09-04,13:45,2931.16
RELIANCE,Reliance Industries,2026-09-04,14:15,2936.63
RELIANCE,Reliance Industries,2026-09-04,14:45,2937.71
RELIANCE,Reliance Industries,2026-09-04,15:15,2940.47
RELIANCE,Reliance Industries,2026-09-07,09:15,2889.92
RELIANCE,Reliance Industries,2026-09-07,09:45,2884.74
RELIANCE,Reliance Industries,2026-09-07,10:15,2889.33
RELIANCE,Reliance Industries,2026-09-07,10:45,2893.77
RELIANCE,Reliance Industries,2026-09-07,11:15,2881.06
RELIANCE,Reliance Industries,2026-09-07,11:45,2865.33
RELIANCE,Reliance Industries,2026-09-07,12:15,2850.4
RELIANCE,Reliance Industries,2026-09-07,12:45,2860.51
RELIANCE,Reliance Industries,2026-09-07,13:15,2878.11
RELIANCE,Reliance Industries,2026-09-07,13:45,2891.22
RELIANCE,Reliance Industries,2026-09-07,14:15,2895.94
RELIANCE,Reliance Industries,2026-09-07,14:45,2895.18
RELIANCE,Reliance Industries,2026-09-07,15:15,2896.97
RELIANCE,Reliance Industries,2026-09-08,09:15,2903.22
RELIANCE,Reliance Industries,2026-09-08,09:45,2908.46
RELIANCE,Reliance Industries,2026-09-08,10:15,2911.01
RELIANCE,Reliance Industries,2026-09-08,10:45,2911.14
RELIANCE,Reliance Industries,2026-09-08,11:15,2894.49
RELIANCE,Reliance Industries,2026-09-08,11:45,2880.56
RELIANCE,Reliance Industries,2026-09-08,12:15,2871.12
RELIANCE,Reliance Industries,2026-09-08,12:45,2868.6
RELIANCE,Reliance Industries,2026-09-08,13:15,2874.86
RELIANCE,Reliance Industries,2026-09-08,13:45,2882.14
RELIANCE,Reliance Industries,2026-09-08,14:15,2889.46
RELIANCE,Reliance Industries,2026-09-08,14:45,2887.03
RELIANCE,Reliance Industries,2026-09-08,15:15,2880.84
RELIANCE,Reliance Industries,2026-09-09,09:15,2933.19
RELIANCE,Reliance Industries,2026-09-09,09:45,2933.89
RELIANCE,Reliance Industries,2026-09-09,10:15,2929.99
RELIANCE,Reliance Industries,2026-09-09,10:45,2920.98
RELIANCE,Reliance Industries,2026-09-09,11:15,2903.9
RELIANCE,Reliance Industries,2026-09-09,11:45,2896.52
RELIANCE,Reliance Industries,2026-09-09,12:15,2894.95
RELIANCE,Reliance Industries,2026-09-09,12:45,2905.52
RELIANCE,Reliance Industries,2026-09-09,13:15,2922.12
RELIANCE,Reliance Industries,2026-09-09,13:45,2939.2
RELIANCE,Reliance Industries,2026-09-09,14:15,2949.03
RELIANCE,Reliance Industries,2026-09-09,14:45,2949.93
RELIANCE,Reliance Industries,2026-09-09,15:15,2941.19
RELIANCE,Reliance Industries,2026-09-10,09:15,2900.5
RELIANCE,Reliance Industries,2026-09-10,09:45,2904.38
RELIANCE,Reliance Industries,2026-09-10,10:15,2916.3
RELIANCE,Reliance Industries,2026-09-10,10:45,2907.59
RELIANCE,Reliance Industries,2026-09-10,11:15,2887.61
RELIANCE,Reliance Industries,2026-09-10,11:45,2880.34
RELIANCE,Reliance Industries,2026-09-10,12:15,2879.78
RELIANCE,Reliance Industries,2026-09-10,12:45,2873.86
RELIANCE,Reliance Industries,2026-09-10,13:15,2888.64
RELIANCE,Reliance Industries,2026-09-10,13:45,2915.27
RELIANCE,Reliance Industries,2026-09-10,14:15,2926.43
RELIANCE,Reliance Industries,2026-09-10,14:45,2923.33
RELIANCE,Reliance Industries,2026-09-10,15:15,2928.57
RELIANCE,Reliance Industries,2026-09-11,09:15,2910.21
RELIANCE,Reliance Industries,2026-09-11,09:45,2908.81
RELIANCE,Reliance Industries,2026-09-11,10:15,2911.33
RELIANCE,Reliance Industries,2026-09-11,10:45,2911.85
RELIANCE,Reliance Industries,2026-09-11,11:15,2896.96
RELIANCE,Reliance Industries,2026-09-11,11:45,2893.19
RELIANCE,Reliance Industries,2026-09-11,12:15,2880.77
RELIANCE,Reliance Industries,2026-09-11,12:45,2892.62
RELIANCE,Reliance Industries,2026-09-11,13:15,2899.33
RELIANCE,Reliance Industries,2026-09-11,13:45,2913.56
RELIANCE,Reliance Industries,2026-09-11,14:15,2930.13
RELIANCE,Reliance Industries,2026-09-11,14:45,2932.99
RELIANCE,Reliance Industries,2026-09-11,15:15,2938.02
RELIANCE,Reliance Industries,2026-09-14,09:15,2938.13
RELIANCE,Reliance Industries,2026-09-14,09:45,2944.49
RELIANCE,Reliance Industries,2026-09-14,10:15,2941.24
RELIANCE,Reliance Industries,2026-09-14,10:45,2944.78
RELIANCE,Reliance Industries,2026-09-14,11:15,2927.92
RELIANCE,Reliance Industries,2026-09-14,11:45,2915.54
RELIANCE,Reliance Industries,2026-09-14,12:15,2906.36
RELIANCE,Reliance Industries,2026-09-14,12:45,2902.37
RELIANCE,Reliance Industries,2026-09-14,13:15,2922.36
RELIANCE,Reliance Industries,2026-09-14,13:45,2933.24
RELIANCE,Reliance Industries,2026-09-14,14:15,2949.46
RELIANCE,Reliance Industries,2026-09-14,14:45,2950.17
RELIANCE,Reliance Industries,2026-09-14,15:15,2947.31
RELIANCE,Reliance Industries,2026-09-15,09:15,2917.14
RELIANCE,Reliance Industries,2026-09-15,09:45,2918.84
RELIANCE,Reliance Industries,2026-09-15,10:15,2929.71
RELIANCE,Reliance Industries,2026-09-15,10:45,2926.13
RELIANCE,Reliance Industries,2026-09-15,11:15,2910.3
RELIANCE,Reliance Industries,2026-09-15,11:45,2895.74
RELIANCE,Reliance Industries,2026-09-15,12:15,2895.08
RELIANCE,Reliance Industries,2026-09-15,12:45,2901.72
RELIANCE,Reliance Industries,2026-09-15,13:15,2907.03
RELIANCE,Reliance Industries,2026-09-15,13:45,2923.96
RELIANCE,Reliance Industries,2026-09-15,14:15,2944.53
RELIANCE,Reliance Industries,2026-09-15,14:45,2949.48
RELIANCE,Reliance Industries,2026-09-15,15:15,2944.13
RELIANCE,Reliance Industries,2026-09-16,09:15,2913.68
RELIANCE,Reliance Industries,2026-09-16,09:45,2920.7
RELIANCE,Reliance Industries,2026-09-16,10:15,2920.41
RELIANCE,Reliance Industries,2026-09-16,10:45,2909.06
RELIANCE,Reliance Industries,2026-09-16,11:15,2891.97
RELIANCE,Reliance Industries,2026-09-16,11:45,2877.95
RELIANCE,Reliance Industries,2026-09-16,12:15,2866.33
RELIANCE,Reliance Industries,2026-09-16,12:45,2871.16
RELIANCE,Reliance Industries,2026-09-16,13:15,2890.33
RELIANCE,Reliance Industries,2026-09-16,13:45,2912.95
RELIANCE,Reliance Industries,2026-09-16,14:15,2933.96
RELIANCE,Reliance Industries,2026-09-16,14:45,2945.14
RELIANCE,Reliance Industries,2026-09-16,15:15,2947.01
RELIANCE,Reliance Industries,2026-09-17,09:15,2947.61
RELIANCE,Reliance Industries,2026-09-17,09:45,2954.28
RELIANCE,Reliance Industries,2026-09-17,10:15,2955.23
RELIANCE,Reliance Industries,2026-09-17,10:45,2947.48
RELIANCE,Reliance Industries,2026-09-17,11:15,2926.14
RELIANCE,Reliance Industries,2026-09-17,11:45,2909.72
RELIANCE,Reliance Industries,2026-09-17,12:15,2891.96
RELIANCE,Reliance Industries,2026-09-17,12:45,2892.75
RELIANCE,Reliance Industries,2026-09-17,13:15,2903.52
RELIANCE,Reliance Industries,2026-09-17,13:45,2915.76
RELIANCE,Reliance Industries,2026-09-17,14:15,2935.7
RELIANCE,Reliance Industries,2026-09-17,14:45,2949.25
RELIANCE,Reliance Industries,2026-09-17,15:15,2957.27
RELIANCE,Reliance Industries,2026-09-18,09:15,2931.86
RELIANCE,Reliance Industries,2026-09-18,09:45,2933.27
RELIANCE,Reliance Industries,2026-09-18,10:15,2942.45
RELIANCE,Reliance Industries,2026-09-18,10:45,2943.41
RELIANCE,Reliance Industries,2026-09-18,11:15,2923.74
RELIANCE,Reliance Industries,2026-09-18,11:45,2908.24
RELIANCE,Reliance Industries,2026-09-18,12:15,2901.42
RELIANCE,Reliance Industries,2026-09-18,12:45,2909.78
RELIANCE,Reliance Industries,2026-09-18,13:15,2916.73
RELIANCE,Reliance Industries,2026-09-18,13:45,2922.74
RELIANCE,Reliance Industries,2026-09-18,14:15,2936.25
RELIANCE,Reliance Industries,2026-09-18,14:45,2947.19
RELIANCE,Reliance Industries,2026-09-18,15:15,2947.84
RELIANCE,Reliance Industries,2026-09-21,09:15,2922.77
RELIANCE,Reliance Industries,2026-09-21,09:45,2930.17
RELIANCE,Reliance Industries,2026-09-21,10:15,2926.11
RELIANCE,Reliance Industries,2026-09-21,10:45,2927.44
RELIANCE,Reliance Industries,2026-09-21,11:15,2911.7
RELIANCE,Reliance Industries,2026-09-21,11:45,2896.59
RELIANCE,Reliance Industries,2026-09-21,12:15,2895.66
RELIANCE,Reliance Industries,2026-09-21,12:45,2889.48
RELIANCE,Reliance Industries,2026-09-21,13:15,2907.36
RELIANCE,Reliance Industries,2026-09-21,13:45,2920.84
RELIANCE,Reliance Industries,2026-09-21,14:15,2929.88
RELIANCE,Reliance Industries,2026-09-21,14:45,2946.19
RELIANCE,Reliance Industries,2026-09-21,15:15,2935.2
TCS,Tata Consultancy Services,2026-09-01,09:15,4149.06
TCS,Tata Consultancy Services,2026-09-01,09:45,4123.7
TCS,Tata Consultancy Services,2026-09-01,10:15,4096.13
TCS,Tata Consultancy Services,2026-09-01,10:45,4093.31
TCS,Tata Consultancy Services,2026-09-01,11:15,4119.56
TCS,Tata Consultancy Services,2026-09-01,11:45,4121.96
TCS,Tata Consultancy Services,2026-09-01,12:15,4105.16
TCS,Tata Consultancy Services,2026-09-01,12:45,4103.5
TCS,Tata Consultancy Services,2026-09-01,13:15,4115.91
TCS,Tata Consultancy Services,2026-09-01,13:45,4119.68
TCS,Tata Consultancy Services,2026-09-01,14:15,4121.77
TCS,Tata Consultancy Services,2026-09-01,14:45,4152.82
TCS,Tata Consultancy Services,2026-09-01,15:15,4185.87
TCS,Tata Consultancy Services,2026-09-02,09:15,4144.94
TCS,Tata Consultancy Services,2026-09-02,09:45,4140.31
TCS,Tata Consultancy Services,2026-09-02,10:15,4112.96
TCS,Tata Consultancy Services,2026-09-02,10:45,4103.76
TCS,Tata Consultancy Services,2026-09-02,11:15,4127.74
TCS,Tata Consultancy Services,2026-09-02,11:45,4119.93
TCS,Tata Consultancy Services,2026-09-02,12:15,4092.93
TCS,Tata Consultancy Services,2026-09-02,12:45,4102.2
TCS,Tata Consultancy Services,2026-09-02,13:15,4124.8
TCS,Tata Consultancy Services,2026-09-02,13:45,4111.85
TCS,Tata Consultancy Services,2026-09-02,14:15,4111.78
TCS,Tata Consultancy Services,2026-09-02,14:45,4136.75
TCS,Tata Consultancy Services,2026-09-02,15:15,4158.94
TCS,Tata Consultancy Services,2026-09-03,09:15,4182.62
TCS,Tata Consultancy Services,2026-09-03,09:45,4162.56
TCS,Tata Consultancy Services,2026-09-03,10:15,4150.34
TCS,Tata Consultancy Services,2026-09-03,10:45,4134.05
TCS,Tata Consultancy Services,2026-09-03,11:15,4147.7
TCS,Tata Consultancy Services,2026-09-03,11:45,4132.29
TCS,Tata Consultancy Services,2026-09-03,12:15,4126.04
TCS,Tata Consultancy Services,2026-09-03,12:45,4131.69
TCS,Tata Consultancy Services,2026-09-03,13:15,4152.38
TCS,Tata Consultancy Services,2026-09-03,13:45,4158.35
TCS,Tata Consultancy Services,2026-09-03,14:15,4151.98
TCS,Tata Consultancy Services,2026-09-03,14:45,4165.68
TCS,Tata Consultancy Services,2026-09-03,15:15,4192.35
TCS,Tata Consultancy Services,2026-09-04,09:15,4144.03
TCS,Tata Consultancy Services,2026-09-04,09:45,4146.03
TCS,Tata Consultancy Services,2026-09-04,10:15,4110.98
TCS,Tata Consultancy Services,2026-09-04,10:45,4110.0
TCS,Tata Consultancy Services,2026-09-04,11:15,4126.63
TCS,Tata Consultancy Services,2026-09-04,11:45,4115.94
TCS,Tata Consultancy Services,2026-09-04,12:15,4105.06
TCS,Tata Consultancy Services,2026-09-04,12:45,4113.21
TCS,Tata Consultancy Services,2026-09-04,13:15,4121.73
TCS,Tata Consultancy Services,2026-09-04,13:45,4132.01
TCS,Tata Consultancy Services,2026-09-04,14:15,4113.6
TCS,Tata Consultancy Services,2026-09-04,14:45,4128.16
TCS,Tata Consultancy Services,2026-09-04,15:15,4162.5
TCS,Tata Consultancy Services,2026-09-07,09:15,4169.16
TCS,Tata Consultancy Services,2026-09-07,09:45,4155.32
TCS,Tata Consultancy Services,2026-09-07,10:15,4137.33
TCS,Tata Consultancy Services,2026-09-07,10:45,4148.48
TCS,Tata Consultancy Services,2026-09-07,11:15,4165.33
TCS,Tata Consultancy Services,2026-09-07,11:45,4150.2
TCS,Tata Consultancy Services,2026-09-07,12:15,4123.77
TCS,Tata Consultancy Services,2026-09-07,12:45,4134.54
TCS,Tata Consultancy Services,2026-09-07,13:15,4165.49
TCS,Tata Consultancy Services,2026-09-07,13:45,4171.26
TCS,Tata Consultancy Services,2026-09-07,14:15,4153.45
TCS,Tata Consultancy Services,2026-09-07,14:45,4168.95
TCS,Tata Consultancy Services,2026-09-07,15:15,4204.57
TCS,Tata Consultancy Services,2026-09-08,09:15,4158.85
TCS,Tata Consultancy Services,2026-09-08,09:45,4158.78
TCS,Tata Consultancy Services,2026-09-08,10:15,4142.62
TCS,Tata Consultancy Services,2026-09-08,10:45,4144.33
TCS,Tata Consultancy Services,2026-09-08,11:15,4151.58
TCS,Tata Consultancy Services,2026-09-08,11:45,4146.63
TCS,Tata Consultancy Services,2026-09-08,12:15,4119.99
TCS,Tata Consultancy Services,2026-09-08,12:45,4112.98
TCS,Tata Consultancy Services,2026-09-08,13:15,4126.63
TCS,Tata Consultancy Services,2026-09-08,13:45,4114.69
TCS,Tata Consultancy Services,2026-09-08,14:15,4098.07
TCS,Tata Consultancy Services,2026-09-08,14:45,4108.66
TCS,Tata Consultancy Services,2026-09-08,15:15,4124.0
TCS,Tata Consultancy Services,2026-09-09,09:15,4195.2
TCS,Tata Consultancy Services,2026-09-09,09:45,4175.04
TCS,Tata Consultancy Services,2026-09-09,10:15,4134.42
TCS,Tata Consultancy Services,2026-09-09,10:45,4124.2
TCS,Tata Consultancy Services,2026-09-09,11:15,4137.43
TCS,Tata Consultancy Services,2026-09-09,11:45,4130.9
TCS,Tata Consultancy Services,2026-09-09,12:15,4118.26
TCS,Tata Consultancy Services,2026-09-09,12:45,4131.55
TCS,Tata Consultancy Services,2026-09-09,13:15,4156.77
TCS,Tata Consultancy Services,2026-09-09,13:45,4160.3
TCS,Tata Consultancy Services,2026-09-09,14:15,4150.45
TCS,Tata Consultancy Services,2026-09-09,14:45,4160.24
TCS,Tata Consultancy Services,2026-09-09,15:15,4180.57
TCS,Tata Consultancy Services,2026-09-10,09:15,4142.88
TCS,Tata Consultancy Services,2026-09-10,09:45,4139.24
TCS,Tata Consultancy Services,2026-09-10,10:15,4123.61
TCS,Tata Consultancy Services,2026-09-10,10:45,4111.69
TCS,Tata Consultancy Services,2026-09-10,11:15,4117.2
TCS,Tata Consultancy Services,2026-09-10,11:45,4125.72
TCS,Tata Consultancy Services,2026-09-10,12:15,4115.34
TCS,Tata Consultancy Services,2026-09-10,12:45,4113.19
TCS,Tata Consultancy Services,2026-09-10,13:15,4127.84
TCS,Tata Consultancy Services,2026-09-10,13:45,4136.31
TCS,Tata Consultancy Services,2026-09-10,14:15,4132.46
TCS,Tata Consultancy Services,2026-09-10,14:45,4143.23
TCS,Tata Consultancy Services,2026-09-10,15:15,4179.74
TCS,Tata Consultancy Services,2026-09-11,09:15,4214.09
TCS,Tata Consultancy Services,2026-09-11,09:45,4205.35
TCS,Tata Consultancy Services,2026-09-11,10:15,4177.92
TCS,Tata Consultancy Services,2026-09-11,10:45,4174.21
TCS,Tata Consultancy Services,2026-09-11,11:15,4173.81
TCS,Tata Consultancy Services,2026-09-11,11:45,4175.85
TCS,Tata Consultancy Services,2026-09-11,12:15,4148.31
TCS,Tata Consultancy Services,2026-09-11,12:45,4165.88
TCS,Tata Consultancy Services,2026-09-11,13:15,4186.88
TCS,Tata Consultancy Services,2026-09-11,13:45,4185.83
TCS,Tata Consultancy Services,2026-09-11,14:15,4181.09
TCS,Tata Consultancy Services,2026-09-11,14:45,4192.21
TCS,Tata Consultancy Services,2026-09-11,15:15,4224.78
TCS,Tata Consultancy Services,2026-09-14,09:15,4171.13
TCS,Tata Consultancy Services,2026-09-14,09:45,4155.85
TCS,Tata Consultancy Services,2026-09-14,10:15,4128.85
TCS,Tata Consultancy Services,2026-09-14,10:45,4137.89
TCS,Tata Consultancy Services,2026-09-14,11:15,4137.88
TCS,Tata Consultancy Services,2026-09-14,11:45,4140.01
TCS,Tata Consultancy Services,2026-09-14,12:15,4117.66
TCS,Tata Consultancy Services,2026-09-14,12:45,4116.86
TCS,Tata Consultancy Services,2026-09-14,13:15,4142.91
TCS,Tata Consultancy Services,2026-09-14,13:45,4135.5
TCS,Tata Consultancy Services,2026-09-14,14:15,4133.21
TCS,Tata Consultancy Services,2026-09-14,14:45,4140.52
TCS,Tata Consultancy Services,2026-09-14,15:15,4166.21
TCS,Tata Consultancy Services,2026-09-15,09:15,4211.42
TCS,Tata Consultancy Services,2026-09-15,09:45,4198.76
TCS,Tata Consultancy Services,2026-09-15,10:15,4185.18
TCS,Tata Consultancy Services,2026-09-15,10:45,4178.55
TCS,Tata Consultancy Services,2026-09-15,11:15,4175.94
TCS,Tata Consultancy Services,2026-09-15,11:45,4170.88
TCS,Tata Consultancy Services,2026-09-15,12:15,4161.08
TCS,Tata Consultancy Services,2026-09-15,12:45,4163.61
TCS,Tata Consultancy Services,2026-09-15,13:15,4174.87
TCS,Tata Consultancy Services,2026-09-15,13:45,4181.61
TCS,Tata Consultancy Services,2026-09-15,14:15,4184.28
TCS,Tata Consultancy Services,2026-09-15,14:45,4203.29
TCS,Tata Consultancy Services,2026-09-15,15:15,4220.87
TCS,Tata Consultancy Services,2026-09-16,09:15,4174.95
TCS,Tata Consultancy Services,2026-09-16,09:45,4162.48
TCS,Tata Consultancy Services,2026-09-16,10:15,4130.73
TCS,Tata Consultancy Services,2026-09-16,10:45,4121.55
TCS,Tata Consultancy Services,2026-09-16,11:15,4121.38
TCS,Tata Consultancy Services,2026-09-16,11:45,4113.01
TCS,Tata Consultancy Services,2026-09-16,12:15,4100.79
TCS,Tata Consultancy Services,2026-09-16,12:45,4109.59
TCS,Tata Consultancy Services,2026-09-16,13:15,4138.49
TCS,Tata Consultancy Services,2026-09-16,13:45,4153.52
TCS,Tata Consultancy Services,2026-09-16,14:15,4151.61
TCS,Tata Consultancy Services,2026-09-16,14:45,4174.58
TCS,Tata Consultancy Services,2026-09-16,15:15,4196.93
TCS,Tata Consultancy Services,2026-09-17,09:15,4235.6
TCS,Tata Consultancy Services,2026-09-17,09:45,4223.02
TCS,Tata Consultancy Services,2026-09-17,10:15,4197.91
TCS,Tata Consultancy Services,2026-09-17,10:45,4185.66
TCS,Tata Consultancy Services,2026-09-17,11:15,4188.63
TCS,Tata Consultancy Services,2026-09-17,11:45,4176.8
TCS,Tata Consultancy Services,2026-09-17,12:15,4146.58
TCS,Tata Consultancy Services,2026-09-17,12:45,4140.11
TCS,Tata Consultancy Services,2026-09-17,13:15,4157.07
TCS,Tata Consultancy Services,2026-09-17,13:45,4157.81
TCS,Tata Consultancy Services,2026-09-17,14:15,4152.47
TCS,Tata Consultancy Services,2026-09-17,14:45,4181.63
TCS,Tata Consultancy Services,2026-09-17,15:15,4221.5
TCS,Tata Consultancy Services,2026-09-18,09:15,4169.4
TCS,Tata Consultancy Services,2026-09-18,09:45,4150.57
TCS,Tata Consultancy Services,2026-09-18,10:15,4136.25
TCS,Tata Consultancy Services,2026-09-18,10:45,4141.54
TCS,Tata Consultancy Services,2026-09-18,11:15,4147.42
TCS,Tata Consultancy Services,2026-09-18,11:45,4129.51
TCS,Tata Consultancy Services,2026-09-18,12:15,4112.31
TCS,Tata Consultancy Services,2026-09-18,12:45,4124.98
TCS,Tata Consultancy Services,2026-09-18,13:15,4142.3
TCS,Tata Consultancy Services,2026-09-18,13:45,4127.87
TCS,Tata Consultancy Services,2026-09-18,14:15,4121.36
TCS,Tata Consultancy Services,2026-09-18,14:45,4144.58
TCS,Tata Consultancy Services,2026-09-18,15:15,4179.48
TCS,Tata Consultancy Services,2026-09-21,09:15,4230.76
TCS,Tata Consultancy Services,2026-09-21,09:45,4226.07
TCS,Tata Consultancy Services,2026-09-21,10:15,4191.07
TCS,Tata Consultancy Services,2026-09-21,10:45,4193.32
TCS,Tata Consultancy Services,2026-09-21,11:15,4200.9
TCS,Tata Consultancy Services,2026-09-21,11:45,4188.7
TCS,Tata Consultancy Services,2026-09-21,12:15,4180.95
TCS,Tata Consultancy Services,2026-09-21,12:45,4177.58
TCS,Tata Consultancy Services,2026-09-21,13:15,4210.22
TCS,Tata Consultancy Services,2026-09-21,13:45,4207.08
TCS,Tata Consultancy Services,2026-09-21,14:15,4198.13
TCS,Tata Consultancy Services,2026-09-21,14:45,4226.63
TCS,Tata Consultancy Services,2026-09-21,15:15,4242.56
INFY,Infosys,2026-09-01,09:15,1736.82
INFY,Infosys,2026-09-01,09:45,1722.83
INFY,Infosys,2026-09-01,10:15,1722.87
INFY,Infosys,2026-09-01,10:45,1718.47
INFY,Infosys,2026-09-01,11:15,1717.27
INFY,Infosys,2026-09-01,11:45,1728.68
INFY,Infosys,2026-09-01,12:15,1723.33
INFY,Infosys,2026-09-01,12:45,1723.28
INFY,Infosys,2026-09-01,13:15,1725.81
INFY,Infosys,2026-09-01,13:45,1722.6
INFY,Infosys,2026-09-01,14:15,1737.23
INFY,Infosys,2026-09-01,14:45,1744.34
INFY,Infosys,2026-09-01,15:15,1749.98
INFY,Infosys,2026-09-02,09:15,1751.92
INFY,Infosys,2026-09-02,09:45,1745.67
INFY,Infosys,2026-09-02,10:15,1746.89
INFY,Infosys,2026-09-02,10:45,1738.46
INFY,Infosys,2026-09-02,11:15,1735.72
INFY,Infosys,2026-09-02,11:45,1740.28
INFY,Infosys,2026-09-02,12:15,1727.83
INFY,Infosys,2026-09-02,12:45,1734.68
INFY,Infosys,2026-09-02,13:15,1740.37
INFY,Infosys,2026-09-02,13:45,1731.34
INFY,Infosys,2026-09-02,14:15,1742.25
INFY,Infosys,2026-09-02,14:45,1744.64
INFY,Infosys,2026-09-02,15:15,1742.19
INFY,Infosys,2026-09-03,09:15,1745.25
INFY,Infosys,2026-09-03,09:45,1728.65
INFY,Infosys,2026-09-03,10:15,1732.0
INFY,Infosys,2026-09-03,10:45,1724.0
INFY,Infosys,2026-09-03,11:15,1719.6
INFY,Infosys,2026-09-03,11:45,1724.61
INFY,Infosys,2026-09-03,12:15,1721.38
INFY,Infosys,2026-09-03,12:45,1723.61
INFY,Infosys,2026-09-03,13:15,1727.46
INFY,Infosys,2026-09-03,13:45,1722.93
INFY,Infosys,2026-09-03,14:15,1731.57
INFY,Infosys,2026-09-03,14:45,1735.07
INFY,Infosys,2026-09-03,15:15,1738.98
INFY,Infosys,2026-09-04,09:15,1748.98
INFY,Infosys,2026-09-04,09:45,1742.43
INFY,Infosys,2026-09-04,10:15,1738.19
INFY,Infosys,2026-09-04,10:45,1736.39
INFY,Infosys,2026-09-04,11:15,1733.97
INFY,Infosys,2026-09-04,11:45,1733.39
INFY,Infosys,2026-09-04,12:15,1731.94
INFY,Infosys,2026-09-04,12:45,1736.71
INFY,Infosys,2026-09-04,13:15,1737.28
INFY,Infosys,2026-09-04,13:45,1739.59
INFY,Infosys,2026-09-04,14:15,1748.54
INFY,Infosys,2026-09-04,14:45,1748.19
INFY,Infosys,2026-09-04,15:15,1753.66
INFY,Infosys,2026-09-07,09:15,1758.43
INFY,Infosys,2026-09-07,09:45,1744.41
INFY,Infosys,2026-09-07,10:15,1747.96
INFY,Infosys,2026-09-07,10:45,1746.3
INFY,Infosys,2026-09-07,11:15,1739.06
INFY,Infosys,2026-09-07,11:45,1742.98
INFY,Infosys,2026-09-07,12:15,1734.8
INFY,Infosys,2026-09-07,12:45,1739.9
INFY,Infosys,2026-09-07,13:15,1749.7
INFY,Infosys,2026-09-07,13:45,1743.84
INFY,Infosys,2026-09-07,14:15,1747.5
INFY,Infosys,2026-09-07,14:45,1747.21
INFY,Infosys,2026-09-07,15:15,1752.25
INFY,Infosys,2026-09-08,09:15,1748.56
INFY,Infosys,2026-09-08,09:45,1738.71
INFY,Infosys,2026-09-08,10:15,1744.89
INFY,Infosys,2026-09-08,10:45,1741.67
INFY,Infosys,2026-09-08,11:15,1733.24
INFY,Infosys,2026-09-08,11:45,1735.66
INFY,Infosys,2026-09-08,12:15,1728.24
INFY,Infosys,2026-09-08,12:45,1728.41
INFY,Infosys,2026-09-08,13:15,1730.02
INFY,Infosys,2026-09-08,13:45,1719.7
INFY,Infosys,2026-09-08,14:15,1726.45
INFY,Infosys,2026-09-08,14:45,1722.31
INFY,Infosys,2026-09-08,15:15,1724.28
INFY,Infosys,2026-09-09,09:15,1758.04
INFY,Infosys,2026-09-09,09:45,1745.49
INFY,Infosys,2026-09-09,10:15,1742.18
INFY,Infosys,2026-09-09,10:45,1736.22
INFY,Infosys,2026-09-09,11:15,1727.8
INFY,Infosys,2026-09-09,11:45,1732.99
INFY,Infosys,2026-09-09,12:15,1728.38
INFY,Infosys,2026-09-09,12:45,1734.72
INFY,Infosys,2026-09-09,13:15,1743.35
INFY,Infosys,2026-09-09,13:45,1739.53
INFY,Infosys,2026-09-09,14:15,1745.61
INFY,Infosys,2026-09-09,14:45,1739.76
INFY,Infosys,2026-09-09,15:15,1741.91
INFY,Infosys,2026-09-10,09:15,1758.41
INFY,Infosys,2026-09-10,09:45,1749.86
INFY,Infosys,2026-09-10,10:15,1757.25
INFY,Infosys,2026-09-10,10:45,1751.25
INFY,Infosys,2026-09-10,11:15,1744.99
INFY,Infosys,2026-09-10,11:45,1754.16
INFY,Infosys,2026-09-10,12:15,1750.57
INFY,Infosys,2026-09-10,12:45,1748.82
INFY,Infosys,2026-09-10,13:15,1750.91
INFY,Infosys,2026-09-10,13:45,1752.03
INFY,Infosys,2026-09-10,14:15,1761.6
INFY,Infosys,2026-09-10,14:45,1757.41
INFY,Infosys,2026-09-10,15:15,1763.42
INFY,Infosys,2026-09-11,09:15,1750.59
INFY,Infosys,2026-09-11,09:45,1738.3
INFY,Infosys,2026-09-11,10:15,1738.43
INFY,Infosys,2026-09-11,10:45,1735.32
INFY,Infosys,2026-09-11,11:15,1727.7
INFY,Infosys,2026-09-11,11:45,1737.41
INFY,Infosys,2026-09-11,12:15,1727.11
INFY,Infosys,2026-09-11,12:45,1735.64
INFY,Infosys,2026-09-11,13:15,1735.85
INFY,Infosys,2026-09-11,13:45,1734.33
INFY,Infosys,2026-09-11,14:15,1744.08
INFY,Infosys,2026-09-11,14:45,1744.06
INFY,Infosys,2026-09-11,15:15,1754.09
INFY,Infosys,2026-09-14,09:15,1773.86
INFY,Infosys,2026-09-14,09:45,1763.9
INFY,Infosys,2026-09-14,10:15,1764.19
INFY,Infosys,2026-09-14,10:45,1762.98
INFY,Infosys,2026-09-14,11:15,1751.21
INFY,Infosys,2026-09-14,11:45,1761.12
INFY,Infosys,2026-09-14,12:15,1752.17
INFY,Infosys,2026-09-14,12:45,1754.54
INFY,Infosys,2026-09-14,13:15,1762.36
INFY,Infosys,2026-09-14,13:45,1755.04
INFY,Infosys,2026-09-14,14:15,1768.45
INFY,Infosys,2026-09-14,14:45,1770.11
INFY,Infosys,2026-09-14,15:15,1771.68
INFY,Infosys,2026-09-15,09:15,1759.82
INFY,Infosys,2026-09-15,09:45,1748.71
INFY,Infosys,2026-09-15,10:15,1755.95
INFY,Infosys,2026-09-15,10:45,1751.06
INFY,Infosys,2026-09-15,11:15,1742.3
INFY,Infosys,2026-09-15,11:45,1747.1
INFY,Infosys,2026-09-15,12:15,1743.58
INFY,Infosys,2026-09-15,12:45,1749.0
INFY,Infosys,2026-09-15,13:15,1748.63
INFY,Infosys,2026-09-15,13:45,1744.39
INFY,Infosys,2026-09-15,14:15,1757.2
INFY,Infosys,2026-09-15,14:45,1756.81
INFY,Infosys,2026-09-15,15:15,1757.45
INFY,Infosys,2026-09-16,09:15,1759.89
INFY,Infosys,2026-09-16,09:45,1748.41
INFY,Infosys,2026-09-16,10:15,1746.73
INFY,Infosys,2026-09-16,10:45,1739.35
INFY,Infosys,2026-09-16,11:15,1727.7
INFY,Infosys,2026-09-16,11:45,1730.73
INFY,Infosys,2026-09-16,12:15,1723.76
INFY,Infosys,2026-09-16,12:45,1730.59
INFY,Infosys,2026-09-16,13:15,1738.52
INFY,Infosys,2026-09-16,13:45,1740.75
INFY,Infosys,2026-09-16,14:15,1754.96
INFY,Infosys,2026-09-16,14:45,1757.45
INFY,Infosys,2026-09-16,15:15,1761.05
INFY,Infosys,2026-09-17,09:15,1780.26
INFY,Infosys,2026-09-17,09:45,1768.23
INFY,Infosys,2026-09-17,10:15,1767.39
INFY,Infosys,2026-09-17,10:45,1761.92
INFY,Infosys,2026-09-17,11:15,1750.15
INFY,Infosys,2026-09-17,11:45,1752.25
INFY,Infosys,2026-09-17,12:15,1742.71
INFY,Infosys,2026-09-17,12:45,1742.97
INFY,Infosys,2026-09-17,13:15,1746.27
INFY,Infosys,2026-09-17,13:45,1740.86
INFY,Infosys,2026-09-17,14:15,1753.63
INFY,Infosys,2026-09-17,14:45,1757.16
INFY,Infosys,2026-09-17,15:15,1765.44
INFY,Infosys,2026-09-18,09:15,1759.94
INFY,Infosys,2026-09-18,09:45,1747.81
INFY,Infosys,2026-09-18,10:15,1755.63
INFY,Infosys,2026-09-18,10:45,1754.97
INFY,Infosys,2026-09-18,11:15,1748.58
INFY,Infosys,2026-09-18,11:45,1751.32
INFY,Infosys,2026-09-18,12:15,1745.32
INFY,Infosys,2026-09-18,12:45,1754.22
INFY,Infosys,2026-09-18,13:15,1757.55
INFY,Infosys,2026-09-18,13:45,1747.42
INFY,Infosys,2026-09-18,14:15,1757.48
INFY,Infosys,2026-09-18,14:45,1760.21
INFY,Infosys,2026-09-18,15:15,1765.06
INFY,Infosys,2026-09-21,09:15,1770.44
INFY,Infosys,2026-09-21,09:45,1759.97
INFY,Infosys,2026-09-21,10:15,1755.61
INFY,Infosys,2026-09-21,10:45,1755.4
INFY,Infosys,2026-09-21,11:15,1746.79
INFY,Infosys,2026-09-21,11:45,1751.37
INFY,Infosys,2026-09-21,12:15,1750.44
INFY,Infosys,2026-09-21,12:45,1748.34
INFY,Infosys,2026-09-21,13:15,1755.27
INFY,Infosys,2026-09-21,13:45,1752.8
INFY,Infosys,2026-09-21,14:15,1760.39
INFY,Infosys,2026-09-21,14:45,1763.82
INFY,Infosys,2026-09-21,15:15,1764.76
HDFCBANK,HDFC Bank,2026-09-01,09:15,1925.1
HDFCBANK,HDFC Bank,2026-09-01,09:45,1918.38
HDFCBANK,HDFC Bank,2026-09-01,10:15,1907.75
HDFCBANK,HDFC Bank,2026-09-01,10:45,1909.16
HDFCBANK,HDFC Bank,2026-09-01,11:15,1907.79
HDFCBANK,HDFC Bank,2026-09-01,11:45,1914.93
HDFCBANK,HDFC Bank,2026-09-01,12:15,1909.47
HDFCBANK,HDFC Bank,2026-09-01,12:45,1910.56
HDFCBANK,HDFC Bank,2026-09-01,13:15,1906.74
HDFCBANK,HDFC Bank,2026-09-01,13:45,1913.36
HDFCBANK,HDFC Bank,2026-09-01,14:15,1914.1
HDFCBANK,HDFC Bank,2026-09-01,14:45,1927.57
HDFCBANK,HDFC Bank,2026-09-01,15:15,1930.35
HDFCBANK,HDFC Bank,2026-09-02,09:15,1928.9
HDFCBANK,HDFC Bank,2026-09-02,09:45,1928.1
HDFCBANK,HDFC Bank,2026-09-02,10:15,1921.89
HDFCBANK,HDFC Bank,2026-09-02,10:45,1914.49
HDFCBANK,HDFC Bank,2026-09-02,11:15,1912.85
HDFCBANK,HDFC Bank,2026-09-02,11:45,1914.99
HDFCBANK,HDFC Bank,2026-09-02,12:15,1905.79
HDFCBANK,HDFC Bank,2026-09-02,12:45,1914.7
HDFCBANK,HDFC Bank,2026-09-02,13:15,1916.37
HDFCBANK,HDFC Bank,2026-09-02,13:45,1919.36
HDFCBANK,HDFC Bank,2026-09-02,14:15,1919.11
HDFCBANK,HDFC Bank,2026-09-02,14:45,1932.44
HDFCBANK,HDFC Bank,2026-09-02,15:15,1926.42
HDFCBANK,HDFC Bank,2026-09-03,09:15,1952.6
HDFCBANK,HDFC Bank,2026-09-03,09:45,1941.58
HDFCBANK,HDFC Bank,2026-09-03,10:15,1938.29
HDFCBANK,HDFC Bank,2026-09-03,10:45,1932.5
HDFCBANK,HDFC Bank,2026-09-03,11:15,1933.49
HDFCBANK,HDFC Bank,2026-09-03,11:45,1933.07
HDFCBANK,HDFC Bank,2026-09-03,12:15,1932.13
HDFCBANK,HDFC Bank,2026-09-03,12:45,1936.98
HDFCBANK,HDFC Bank,2026-09-03,13:15,1934.2
HDFCBANK,HDFC Bank,2026-09-03,13:45,1941.44
HDFCBANK,HDFC Bank,2026-09-03,14:15,1942.23
HDFCBANK,HDFC Bank,2026-09-03,14:45,1955.61
HDFCBANK,HDFC Bank,2026-09-03,15:15,1955.91
HDFCBANK,HDFC Bank,2026-09-04,09:15,1956.49
HDFCBANK,HDFC Bank,2026-09-04,09:45,1954.91
HDFCBANK,HDFC Bank,2026-09-04,10:15,1947.16
HDFCBANK,HDFC Bank,2026-09-04,10:45,1948.76
HDFCBANK,HDFC Bank,2026-09-04,11:15,1944.85
HDFCBANK,HDFC Bank,2026-09-04,11:45,1944.25
HDFCBANK,HDFC Bank,2026-09-04,12:15,1945.98
HDFCBANK,HDFC Bank,2026-09-04,12:45,1952.23
HDFCBANK,HDFC Bank,2026-09-04,13:15,1948.63
HDFCBANK,HDFC Bank,2026-09-04,13:45,1961.18
HDFCBANK,HDFC Bank,2026-09-04,14:15,1959.64
HDFCBANK,HDFC Bank,2026-09-04,14:45,1968.65
HDFCBANK,HDFC Bank,2026-09-04,15:15,1975.61
HDFCBANK,HDFC Bank,2026-09-07,09:15,1941.69
HDFCBANK,HDFC Bank,2026-09-07,09:45,1935.9
HDFCBANK,HDFC Bank,2026-09-07,10:15,1931.3
HDFCBANK,HDFC Bank,2026-09-07,10:45,1933.92
HDFCBANK,HDFC Bank,2026-09-07,11:15,1929.9
HDFCBANK,HDFC Bank,2026-09-07,11:45,1926.26
HDFCBANK,HDFC Bank,2026-09-07,12:15,1920.0
HDFCBANK,HDFC Bank,2026-09-07,12:45,1925.16
HDFCBANK,HDFC Bank,2026-09-07,13:15,1927.46
HDFCBANK,HDFC Bank,2026-09-07,13:45,1933.0
HDFCBANK,HDFC Bank,2026-09-07,14:15,1926.16
HDFCBANK,HDFC Bank,2026-09-07,14:45,1931.92
HDFCBANK,HDFC Bank,2026-09-07,15:15,1935.94
HDFCBANK,HDFC Bank,2026-09-08,09:15,1942.9
HDFCBANK,HDFC Bank,2026-09-08,09:45,1940.89
HDFCBANK,HDFC Bank,2026-09-08,10:15,1937.08
HDFCBANK,HDFC Bank,2026-09-08,10:45,1934.61
HDFCBANK,HDFC Bank,2026-09-08,11:15,1929.03
HDFCBANK,HDFC Bank,2026-09-08,11:45,1927.67
HDFCBANK,HDFC Bank,2026-09-08,12:15,1922.45
HDFCBANK,HDFC Bank,2026-09-08,12:45,1925.34
HDFCBANK,HDFC Bank,2026-09-08,13:15,1919.05
HDFCBANK,HDFC Bank,2026-09-08,13:45,1921.05
HDFCBANK,HDFC Bank,2026-09-08,14:15,1915.59
HDFCBANK,HDFC Bank,2026-09-08,14:45,1920.76
HDFCBANK,HDFC Bank,2026-09-08,15:15,1916.04
HDFCBANK,HDFC Bank,2026-09-09,09:15,1944.54
HDFCBANK,HDFC Bank,2026-09-09,09:45,1937.92
HDFCBANK,HDFC Bank,2026-09-09,10:15,1928.8
HDFCBANK,HDFC Bank,2026-09-09,10:45,1921.1
HDFCBANK,HDFC Bank,2026-09-09,11:15,1916.89
HDFCBANK,HDFC Bank,2026-09-09,11:45,1921.17
HDFCBANK,HDFC Bank,2026-09-09,12:15,1921.75
HDFCBANK,HDFC Bank,2026-09-09,12:45,1930.85
HDFCBANK,HDFC Bank,2026-09-09,13:15,1929.31
HDFCBANK,HDFC Bank,2026-09-09,13:45,1938.59
HDFCBANK,HDFC Bank,2026-09-09,14:15,1936.81
HDFCBANK,HDFC Bank,2026-09-09,14:45,1941.72
HDFCBANK,HDFC Bank,2026-09-09,15:15,1939.66
HDFCBANK,HDFC Bank,2026-09-10,09:15,1958.47
HDFCBANK,HDFC Bank,2026-09-10,09:45,1958.22
HDFCBANK,HDFC Bank,2026-09-10,10:15,1954.83
HDFCBANK,HDFC Bank,2026-09-10,10:45,1953.02
HDFCBANK,HDFC Bank,2026-09-10,11:15,1943.73
HDFCBANK,HDFC Bank,2026-09-10,11:45,1948.48
HDFCBANK,HDFC Bank,2026-09-10,12:15,1947.13
HDFCBANK,HDFC Bank,2026-09-10,12:45,1948.03
HDFCBANK,HDFC Bank,2026-09-10,13:15,1943.76
HDFCBANK,HDFC Bank,2026-09-10,13:45,1957.06
HDFCBANK,HDFC Bank,2026-09-10,14:15,1954.0
HDFCBANK,HDFC Bank,2026-09-10,14:45,1958.99
HDFCBANK,HDFC Bank,2026-09-10,15:15,1961.15
HDFCBANK,HDFC Bank,2026-09-11,09:15,1968.95
HDFCBANK,HDFC Bank,2026-09-11,09:45,1965.29
HDFCBANK,HDFC Bank,2026-09-11,10:15,1960.99
HDFCBANK,HDFC Bank,2026-09-11,10:45,1960.76
HDFCBANK,HDFC Bank,2026-09-11,11:15,1952.54
HDFCBANK,HDFC Bank,2026-09-11,11:45,1959.6
HDFCBANK,HDFC Bank,2026-09-11,12:15,1954.3
HDFCBANK,HDFC Bank,2026-09-11,12:45,1961.85
HDFCBANK,HDFC Bank,2026-09-11,13:15,1958.01
HDFCBANK,HDFC Bank,2026-09-11,13:45,1963.05
HDFCBANK,HDFC Bank,2026-09-11,14:15,1964.28
HDFCBANK,HDFC Bank,2026-09-11,14:45,1969.16
HDFCBANK,HDFC Bank,2026-09-11,15:15,1973.46
HDFCBANK,HDFC Bank,2026-09-14,09:15,1954.78
HDFCBANK,HDFC Bank,2026-09-14,09:45,1950.93
HDFCBANK,HDFC Bank,2026-09-14,10:15,1940.32
HDFCBANK,HDFC Bank,2026-09-14,10:45,1942.47
HDFCBANK,HDFC Bank,2026-09-14,11:15,1935.38
HDFCBANK,HDFC Bank,2026-09-14,11:45,1940.59
HDFCBANK,HDFC Bank,2026-09-14,12:15,1939.67
HDFCBANK,HDFC Bank,2026-09-14,12:45,1939.88
HDFCBANK,HDFC Bank,2026-09-14,13:15,1944.01
HDFCBANK,HDFC Bank,2026-09-14,13:45,1946.97
HDFCBANK,HDFC Bank,2026-09-14,14:15,1948.55
HDFCBANK,HDFC Bank,2026-09-14,14:45,1959.26
HDFCBANK,HDFC Bank,2026-09-14,15:15,1960.71
HDFCBANK,HDFC Bank,2026-09-15,09:15,1944.72
HDFCBANK,HDFC Bank,2026-09-15,09:45,1939.45
HDFCBANK,HDFC Bank,2026-09-15,10:15,1937.62
HDFCBANK,HDFC Bank,2026-09-15,10:45,1938.97
HDFCBANK,HDFC Bank,2026-09-15,11:15,1932.36
HDFCBANK,HDFC Bank,2026-09-15,11:45,1931.66
HDFCBANK,HDFC Bank,2026-09-15,12:15,1935.37
HDFCBANK,HDFC Bank,2026-09-15,12:45,1942.08
HDFCBANK,HDFC Bank,2026-09-15,13:15,1935.05
HDFCBANK,HDFC Bank,2026-09-15,13:45,1940.31
HDFCBANK,HDFC Bank,2026-09-15,14:15,1944.54
HDFCBANK,HDFC Bank,2026-09-15,14:45,1952.17
HDFCBANK,HDFC Bank,2026-09-15,15:15,1945.53
HDFCBANK,HDFC Bank,2026-09-16,09:15,1957.75
HDFCBANK,HDFC Bank,2026-09-16,09:45,1953.99
HDFCBANK,HDFC Bank,2026-09-16,10:15,1947.57
HDFCBANK,HDFC Bank,2026-09-16,10:45,1940.73
HDFCBANK,HDFC Bank,2026-09-16,11:15,1930.35
HDFCBANK,HDFC Bank,2026-09-16,11:45,1929.6
HDFCBANK,HDFC Bank,2026-09-16,12:15,1923.07
HDFCBANK,HDFC Bank,2026-09-16,12:45,1930.38
HDFCBANK,HDFC Bank,2026-09-16,13:15,1934.46
HDFCBANK,HDFC Bank,2026-09-16,13:45,1947.73
HDFCBANK,HDFC Bank,2026-09-16,14:15,1951.67
HDFCBANK,HDFC Bank,2026-09-16,14:45,1966.57
HDFCBANK,HDFC Bank,2026-09-16,15:15,1966.36
HDFCBANK,HDFC Bank,2026-09-17,09:15,1976.99
HDFCBANK,HDFC Bank,2026-09-17,09:45,1973.21
HDFCBANK,HDFC Bank,2026-09-17,10:15,1969.14
HDFCBANK,HDFC Bank,2026-09-17,10:45,1966.76
HDFCBANK,HDFC Bank,2026-09-17,11:15,1957.3
HDFCBANK,HDFC Bank,2026-09-17,11:45,1953.39
HDFCBANK,HDFC Bank,2026-09-17,12:15,1948.1
HDFCBANK,HDFC Bank,2026-09-17,12:45,1950.31
HDFCBANK,HDFC Bank,2026-09-17,13:15,1949.04
HDFCBANK,HDFC Bank,2026-09-17,13:45,1959.25
HDFCBANK,HDFC Bank,2026-09-17,14:15,1959.28
HDFCBANK,HDFC Bank,2026-09-17,14:45,1971.16
HDFCBANK,HDFC Bank,2026-09-17,15:15,1978.66
HDFCBANK,HDFC Bank,2026-09-18,09:15,1969.22
HDFCBANK,HDFC Bank,2026-09-18,09:45,1963.45
HDFCBANK,HDFC Bank,2026-09-18,10:15,1964.56
HDFCBANK,HDFC Bank,2026-09-18,10:45,1969.28
HDFCBANK,HDFC Bank,2026-09-18,11:15,1959.79
HDFCBANK,HDFC Bank,2026-09-18,11:45,1958.38
HDFCBANK,HDFC Bank,2026-09-18,12:15,1955.14
HDFCBANK,HDFC Bank,2026-09-18,12:45,1963.19
HDFCBANK,HDFC Bank,2026-09-18,13:15,1959.0
HDFCBANK,HDFC Bank,2026-09-18,13:45,1961.16
HDFCBANK,HDFC Bank,2026-09-18,14:15,1962.35
HDFCBANK,HDFC Bank,2026-09-18,14:45,1979.05
HDFCBANK,HDFC Bank,2026-09-18,15:15,1979.07
HDFCBANK,HDFC Bank,2026-09-21,09:15,1964.38
HDFCBANK,HDFC Bank,2026-09-21,09:45,1964.4
HDFCBANK,HDFC Bank,2026-09-21,10:15,1952.22
HDFCBANK,HDFC Bank,2026-09-21,10:45,1954.71
HDFCBANK,HDFC Bank,2026-09-21,11:15,1946.49
HDFCBANK,HDFC Bank,2026-09-21,11:45,1949.36
HDFCBANK,HDFC Bank,2026-09-21,12:15,1950.55
HDFCBANK,HDFC Bank,2026-09-21,12:45,1952.19
HDFCBANK,HDFC Bank,2026-09-21,13:15,1953.14
HDFCBANK,HDFC Bank,2026-09-21,13:45,1959.06
HDFCBANK,HDFC Bank,2026-09-21,14:15,1956.63
HDFCBANK,HDFC Bank,2026-09-21,14:45,1970.82
HDFCBANK,HDFC Bank,2026-09-21,15:15,1969.44
ICICIBANK,ICICI Bank,2026-09-01,09:15,1402.14
ICICIBANK,ICICI Bank,2026-09-01,09:45,1398.8
ICICIBANK,ICICI Bank,2026-09-01,10:15,1391.17
ICICIBANK,ICICI Bank,2026-09-01,10:45,1389.17
ICICIBANK,ICICI Bank,2026-09-01,11:15,1394.51
ICICIBANK,ICICI Bank,2026-09-01,11:45,1391.25
ICICIBANK,ICICI Bank,2026-09-01,12:15,1391.02
ICICIBANK,ICICI Bank,2026-09-01,12:45,1390.56
ICICIBANK,ICICI Bank,2026-09-01,13:15,1385.37
ICICIBANK,ICICI Bank,2026-09-01,13:45,1393.34
ICICIBANK,ICICI Bank,2026-09-01,14:15,1398.93
ICICIBANK,ICICI Bank,2026-09-01,14:45,1403.03
ICICIBANK,ICICI Bank,2026-09-01,15:15,1413.49
ICICIBANK,ICICI Bank,2026-09-02,09:15,1399.7
ICICIBANK,ICICI Bank,2026-09-02,09:45,1404.77
ICICIBANK,ICICI Bank,2026-09-02,10:15,1399.44
ICICIBANK,ICICI Bank,2026-09-02,10:45,1393.57
ICICIBANK,ICICI Bank,2026-09-02,11:15,1399.33
ICICIBANK,ICICI Bank,2026-09-02,11:45,1393.24
ICICIBANK,ICICI Bank,2026-09-02,12:15,1392.77
ICICIBANK,ICICI Bank,2026-09-02,12:45,1400.34
ICICIBANK,ICICI Bank,2026-09-02,13:15,1397.12
ICICIBANK,ICICI Bank,2026-09-02,13:45,1401.26
ICICIBANK,ICICI Bank,2026-09-02,14:15,1407.23
ICICIBANK,ICICI Bank,2026-09-02,14:45,1406.96
ICICIBANK,ICICI Bank,2026-09-02,15:15,1413.94
ICICIBANK,ICICI Bank,2026-09-03,09:15,1406.07
ICICIBANK,ICICI Bank,2026-09-03,09:45,1405.99
ICICIBANK,ICICI Bank,2026-09-03,10:15,1401.25
ICICIBANK,ICICI Bank,2026-09-03,10:45,1393.4
ICICIBANK,ICICI Bank,2026-09-03,11:15,1397.55
ICICIBANK,ICICI Bank,2026-09-03,11:45,1389.17
ICICIBANK,ICICI Bank,2026-09-03,12:15,1391.98
ICICIBANK,ICICI Bank,2026-09-03,12:45,1395.02
ICICIBANK,ICICI Bank,2026-09-03,13:15,1392.42
ICICIBANK,ICICI Bank,2026-09-03,13:45,1400.36
ICICIBANK,ICICI Bank,2026-09-03,14:15,1401.79
ICICIBANK,ICICI Bank,2026-09-03,14:45,1400.87
ICICIBANK,ICICI Bank,2026-09-03,15:15,1409.65
ICICIBANK,ICICI Bank,2026-09-04,09:15,1401.76
ICICIBANK,ICICI Bank,2026-09-04,09:45,1405.54
ICICIBANK,ICICI Bank,2026-09-04,10:15,1394.88
ICICIBANK,ICICI Bank,2026-09-04,10:45,1394.55
ICICIBANK,ICICI Bank,2026-09-04,11:15,1400.34
ICICIBANK,ICICI Bank,2026-09-04,11:45,1391.8
ICICIBANK,ICICI Bank,2026-09-04,12:15,1397.67
ICICIBANK,ICICI Bank,2026-09-04,12:45,1400.32
ICICIBANK,ICICI Bank,2026-09-04,13:15,1394.67
ICICIBANK,ICICI Bank,2026-09-04,13:45,1403.07
ICICIBANK,ICICI Bank,2026-09-04,14:15,1402.02
ICICIBANK,ICICI Bank,2026-09-04,14:45,1400.53
ICICIBANK,ICICI Bank,2026-09-04,15:15,1412.37
ICICIBANK,ICICI Bank,2026-09-07,09:15,1400.13
ICICIBANK,ICICI Bank,2026-09-07,09:45,1400.26
ICICIBANK,ICICI Bank,2026-09-07,10:15,1395.57
ICICIBANK,ICICI Bank,2026-09-07,10:45,1396.02
ICICIBANK,ICICI Bank,2026-09-07,11:15,1399.26
ICICIBANK,ICICI Bank,2026-09-07,11:45,1388.37
ICICIBANK,ICICI Bank,2026-09-07,12:15,1385.8
ICICIBANK,ICICI Bank,2026-09-07,12:45,1391.14
ICICIBANK,ICICI Bank,2026-09-07,13:15,1389.37
ICICIBANK,ICICI Bank,2026-09-07,13:45,1394.8
ICICIBANK,ICICI Bank,2026-09-07,14:15,1394.12
ICICIBANK,ICICI Bank,2026-09-07,14:45,1393.25
ICICIBANK,ICICI Bank,2026-09-07,15:15,1407.0
ICICIBANK,ICICI Bank,2026-09-08,09:15,1407.35
ICICIBANK,ICICI Bank,2026-09-08,09:45,1412.5
ICICIBANK,ICICI Bank,2026-09-08,10:15,1408.43
ICICIBANK,ICICI Bank,2026-09-08,10:45,1404.47
ICICIBANK,ICICI Bank,2026-09-08,11:15,1406.49
ICICIBANK,ICICI Bank,2026-09-08,11:45,1401.14
ICICIBANK,ICICI Bank,2026-09-08,12:15,1399.3
ICICIBANK,ICICI Bank,2026-09-08,12:45,1399.44
ICICIBANK,ICICI Bank,2026-09-08,13:15,1392.91
ICICIBANK,ICICI Bank,2026-09-08,13:45,1394.29
ICICIBANK,ICICI Bank,2026-09-08,14:15,1394.39
ICICIBANK,ICICI Bank,2026-09-08,14:45,1391.36
ICICIBANK,ICICI Bank,2026-09-08,15:15,1400.49
ICICIBANK,ICICI Bank,2026-09-09,09:15,1405.96
ICICIBANK,ICICI Bank,2026-09-09,09:45,1407.98
ICICIBANK,ICICI Bank,2026-09-09,10:15,1397.61
ICICIBANK,ICICI Bank,2026-09-09,10:45,1389.81
ICICIBANK,ICICI Bank,2026-09-09,11:15,1393.19
ICICIBANK,ICICI Bank,2026-09-09,11:45,1387.9
ICICIBANK,ICICI Bank,2026-09-09,12:15,1392.86
ICICIBANK,ICICI Bank,2026-09-09,12:45,1401.03
ICICIBANK,ICICI Bank,2026-09-09,13:15,1398.29
ICICIBANK,ICICI Bank,2026-09-09,13:45,1404.42
ICICIBANK,ICICI Bank,2026-09-09,14:15,1404.03
ICICIBANK,ICICI Bank,2026-09-09,14:45,1398.8
ICICIBANK,ICICI Bank,2026-09-09,15:15,1405.99
ICICIBANK,ICICI Bank,2026-09-10,09:15,1404.29
ICICIBANK,ICICI Bank,2026-09-10,09:45,1408.21
ICICIBANK,ICICI Bank,2026-09-10,10:15,1406.37
ICICIBANK,ICICI Bank,2026-09-10,10:45,1399.01
ICICIBANK,ICICI Bank,2026-09-10,11:15,1399.32
ICICIBANK,ICICI Bank,2026-09-10,11:45,1397.34
ICICIBANK,ICICI Bank,2026-09-10,12:15,1401.99
ICICIBANK,ICICI Bank,2026-09-10,12:45,1402.42
ICICIBANK,ICICI Bank,2026-09-10,13:15,1397.15
ICICIBANK,ICICI Bank,2026-09-10,13:45,1405.51
ICICIBANK,ICICI Bank,2026-09-10,14:15,1408.65
ICICIBANK,ICICI Bank,2026-09-10,14:45,1406.21
ICICIBANK,ICICI Bank,2026-09-10,15:15,1416.58
ICICIBANK,ICICI Bank,2026-09-11,09:15,1416.52
ICICIBANK,ICICI Bank,2026-09-11,09:45,1419.26
ICICIBANK,ICICI Bank,2026-09-11,10:15,1411.35
ICICIBANK,ICICI Bank,2026-09-11,10:45,1407.93
ICICIBANK,ICICI Bank,2026-09-11,11:15,1407.08
ICICIBANK,ICICI Bank,2026-09-11,11:45,1404.71
ICICIBANK,ICICI Bank,2026-09-11,12:15,1401.42
ICICIBANK,ICICI Bank,2026-09-11,12:45,1409.85
ICICIBANK,ICICI Bank,2026-09-11,13:15,1404.3
ICICIBANK,ICICI Bank,2026-09-11,13:45,1410.62
ICICIBANK,ICICI Bank,2026-09-11,14:15,1413.96
ICICIBANK,ICICI Bank,2026-09-11,14:45,1411.67
ICICIBANK,ICICI Bank,2026-09-11,15:15,1426.23
ICICIBANK,ICICI Bank,2026-09-14,09:15,1420.19
ICICIBANK,ICICI Bank,2026-09-14,09:45,1423.71
ICICIBANK,ICICI Bank,2026-09-14,10:15,1413.62
ICICIBANK,ICICI Bank,2026-09-14,10:45,1414.11
ICICIBANK,ICICI Bank,2026-09-14,11:15,1416.35
ICICIBANK,ICICI Bank,2026-09-14,11:45,1411.27
ICICIBANK,ICICI Bank,2026-09-14,12:15,1410.89
ICICIBANK,ICICI Bank,2026-09-14,12:45,1414.3
ICICIBANK,ICICI Bank,2026-09-14,13:15,1411.26
ICICIBANK,ICICI Bank,2026-09-14,13:45,1414.33
ICICIBANK,ICICI Bank,2026-09-14,14:15,1420.49
ICICIBANK,ICICI Bank,2026-09-14,14:45,1420.13
ICICIBANK,ICICI Bank,2026-09-14,15:15,1430.37
ICICIBANK,ICICI Bank,2026-09-15,09:15,1417.38
ICICIBANK,ICICI Bank,2026-09-15,09:45,1417.64
ICICIBANK,ICICI Bank,2026-09-15,10:15,1414.53
ICICIBANK,ICICI Bank,2026-09-15,10:45,1409.47
ICICIBANK,ICICI Bank,2026-09-15,11:15,1410.49
ICICIBANK,ICICI Bank,2026-09-15,11:45,1405.33
ICICIBANK,ICICI Bank,2026-09-15,12:15,1411.48
ICICIBANK,ICICI Bank,2026-09-15,12:45,1417.33
ICICIBANK,ICICI Bank,2026-09-15,13:15,1409.24
ICICIBANK,ICICI Bank,2026-09-15,13:45,1415.28
ICICIBANK,ICICI Bank,2026-09-15,14:15,1421.42
ICICIBANK,ICICI Bank,2026-09-15,14:45,1420.16
ICICIBANK,ICICI Bank,2026-09-15,15:15,1425.22
ICICIBANK,ICICI Bank,2026-09-16,09:15,1428.15
ICICIBANK,ICICI Bank,2026-09-16,09:45,1428.32
ICICIBANK,ICICI Bank,2026-09-16,10:15,1421.37
ICICIBANK,ICICI Bank,2026-09-16,10:45,1412.38
ICICIBANK,ICICI Bank,2026-09-16,11:15,1414.48
ICICIBANK,ICICI Bank,2026-09-16,11:45,1406.7
ICICIBANK,ICICI Bank,2026-09-16,12:15,1408.33
ICICIBANK,ICICI Bank,2026-09-16,12:45,1413.12
ICICIBANK,ICICI Bank,2026-09-16,13:15,1412.26
ICICIBANK,ICICI Bank,2026-09-16,13:45,1422.75
ICICIBANK,ICICI Bank,2026-09-16,14:15,1430.66
ICICIBANK,ICICI Bank,2026-09-16,14:45,1433.21
ICICIBANK,ICICI Bank,2026-09-16,15:15,1441.67
ICICIBANK,ICICI Bank,2026-09-17,09:15,1430.16
ICICIBANK,ICICI Bank,2026-09-17,09:45,1433.23
ICICIBANK,ICICI Bank,2026-09-17,10:15,1425.31
ICICIBANK,ICICI Bank,2026-09-17,10:45,1418.65
ICICIBANK,ICICI Bank,2026-09-17,11:15,1420.28
ICICIBANK,ICICI Bank,2026-09-17,11:45,1411.04
ICICIBANK,ICICI Bank,2026-09-17,12:15,1407.71
ICICIBANK,ICICI Bank,2026-09-17,12:45,1407.69
ICICIBANK,ICICI Bank,2026-09-17,13:15,1402.66
ICICIBANK,ICICI Bank,2026-09-17,13:45,1408.63
ICICIBANK,ICICI Bank,2026-09-17,14:15,1412.78
ICICIBANK,ICICI Bank,2026-09-17,14:45,1415.36
ICICIBANK,ICICI Bank,2026-09-17,15:15,1429.61
ICICIBANK,ICICI Bank,2026-09-18,09:15,1429.89
ICICIBANK,ICICI Bank,2026-09-18,09:45,1431.49
ICICIBANK,ICICI Bank,2026-09-18,10:15,1429.35
ICICIBANK,ICICI Bank,2026-09-18,10:45,1429.81
ICICIBANK,ICICI Bank,2026-09-18,11:15,1429.97
ICICIBANK,ICICI Bank,2026-09-18,11:45,1420.22
ICICIBANK,ICICI Bank,2026-09-18,12:15,1422.52
ICICIBANK,ICICI Bank,2026-09-18,12:45,1429.33
ICICIBANK,ICICI Bank,2026-09-18,13:15,1424.01
ICICIBANK,ICICI Bank,2026-09-18,13:45,1426.16
ICICIBANK,ICICI Bank,2026-09-18,14:15,1429.23
ICICIBANK,ICICI Bank,2026-09-18,14:45,1432.91
ICICIBANK,ICICI Bank,2026-09-18,15:15,1442.99
ICICIBANK,ICICI Bank,2026-09-21,09:15,1436.61
ICICIBANK,ICICI Bank,2026-09-21,09:45,1440.17
ICICIBANK,ICICI Bank,2026-09-21,10:15,1430.41
ICICIBANK,ICICI Bank,2026-09-21,10:45,1431.8
ICICIBANK,ICICI Bank,2026-09-21,11:15,1434.63
ICICIBANK,ICICI Bank,2026-09-21,11:45,1429.11
ICICIBANK,ICICI Bank,2026-09-21,12:15,1431.94
ICICIBANK,ICICI Bank,2026-09-21,12:45,1430.59
ICICIBANK,ICICI Bank,2026-09-21,13:15,1430.09
ICICIBANK,ICICI Bank,2026-09-21,13:45,1435.74
ICICIBANK,ICICI Bank,2026-09-21,14:15,1434.56
ICICIBANK,ICICI Bank,2026-09-21,14:45,1435.76
ICICIBANK,ICICI Bank,2026-09-21,15:15,1440.97
SBIN,State Bank of India,2026-09-01,09:15,967.14
SBIN,State Bank of India,2026-09-01,09:45,962.57
SBIN,State Bank of India,2026-09-01,10:15,961.48
SBIN,State Bank of India,2026-09-01,10:45,961.01
SBIN,State Bank of India,2026-09-01,11:15,960.13
SBIN,State Bank of India,2026-09-01,11:45,960.46
SBIN,State Bank of India,2026-09-01,12:15,962.07
SBIN,State Bank of India,2026-09-01,12:45,962.13
SBIN,State Bank of India,2026-09-01,13:15,959.53
SBIN,State Bank of India,2026-09-01,13:45,957.99
SBIN,State Bank of India,2026-09-01,14:15,963.8
SBIN,State Bank of India,2026-09-01,14:45,970.87
SBIN,State Bank of India,2026-09-01,15:15,972.48
SBIN,State Bank of India,2026-09-02,09:15,969.56
SBIN,State Bank of India,2026-09-02,09:45,968.31
SBIN,State Bank of India,2026-09-02,10:15,969.28
SBIN,State Bank of India,2026-09-02,10:45,968.27
SBIN,State Bank of India,2026-09-02,11:15,966.59
SBIN,State Bank of India,2026-09-02,11:45,963.76
SBIN,State Bank of India,2026-09-02,12:15,965.94
SBIN,State Bank of India,2026-09-02,12:45,971.61
SBIN,State Bank of India,2026-09-02,13:15,971.56
SBIN,State Bank of India,2026-09-02,13:45,968.6
SBIN,State Bank of India,2026-09-02,14:15,973.5
SBIN,State Bank of India,2026-09-02,14:45,980.71
SBIN,State Bank of India,2026-09-02,15:15,978.42
SBIN,State Bank of India,2026-09-03,09:15,973.51
SBIN,State Bank of India,2026-09-03,09:45,969.53
SBIN,State Bank of India,2026-09-03,10:15,974.04
SBIN,State Bank of India,2026-09-03,10:45,972.88
SBIN,State Bank of India,2026-09-03,11:15,969.19
SBIN,State Bank of India,2026-09-03,11:45,965.86
SBIN,State Bank of India,2026-09-03,12:15,970.38
SBIN,State Bank of India,2026-09-03,12:45,971.95
SBIN,State Bank of India,2026-09-03,13:15,971.58
SBIN,State Bank of India,2026-09-03,13:45,969.02
SBIN,State Bank of India,2026-09-03,14:15,972.49
SBIN,State Bank of India,2026-09-03,14:45,977.97
SBIN,State Bank of India,2026-09-03,15:15,978.69
SBIN,State Bank of India,2026-09-04,09:15,969.8
SBIN,State Bank of India,2026-09-04,09:45,969.47
SBIN,State Bank of India,2026-09-04,10:15,968.86
SBIN,State Bank of India,2026-09-04,10:45,969.47
SBIN,State Bank of India,2026-09-04,11:15,964.82
SBIN,State Bank of India,2026-09-04,11:45,960.87
SBIN,State Bank of India,2026-09-04,12:15,965.68
SBIN,State Bank of India,2026-09-04,12:45,967.67
SBIN,State Bank of India,2026-09-04,13:15,965.36
SBIN,State Bank of India,2026-09-04,13:45,965.86
SBIN,State Bank of India,2026-09-04,14:15,968.99
SBIN,State Bank of India,2026-09-04,14:45,974.62
SBIN,State Bank of India,2026-09-04,15:15,976.67
SBIN,State Bank of India,2026-09-07,09:15,966.02
SBIN,State Bank of India,2026-09-07,09:45,961.49
SBIN,State Bank of India,2026-09-07,10:15,965.19
SBIN,State Bank of India,2026-09-07,10:45,966.72
SBIN,State Bank of India,2026-09-07,11:15,962.83
SBIN,State Bank of India,2026-09-07,11:45,957.17
SBIN,State Bank of India,2026-09-07,12:15,958.8
SBIN,State Bank of India,2026-09-07,12:45,962.32
SBIN,State Bank of India,2026-09-07,13:15,961.65
SBIN,State Bank of India,2026-09-07,13:45,961.15
SBIN,State Bank of India,2026-09-07,14:15,962.27
SBIN,State Bank of India,2026-09-07,14:45,966.61
SBIN,State Bank of India,2026-09-07,15:15,969.01
SBIN,State Bank of India,2026-09-08,09:15,968.85
SBIN,State Bank of India,2026-09-08,09:45,967.84
SBIN,State Bank of India,2026-09-08,10:15,971.25
SBIN,State Bank of India,2026-09-08,10:45,971.65
SBIN,State Bank of India,2026-09-08,11:15,967.46
SBIN,State Bank of India,2026-09-08,11:45,964.18
SBIN,State Bank of India,2026-09-08,12:15,965.88
SBIN,State Bank of India,2026-09-08,12:45,966.04
SBIN,State Bank of India,2026-09-08,13:15,961.53
SBIN,State Bank of India,2026-09-08,13:45,956.66
SBIN,State Bank of India,2026-09-08,14:15,957.56
SBIN,State Bank of India,2026-09-08,14:45,960.63
SBIN,State Bank of India,2026-09-08,15:15,959.68
SBIN,State Bank of India,2026-09-09,09:15,966.77
SBIN,State Bank of India,2026-09-09,09:45,962.7
SBIN,State Bank of India,2026-09-09,10:15,962.43
SBIN,State Bank of India,2026-09-09,10:45,960.91
SBIN,State Bank of India,2026-09-09,11:15,956.51
SBIN,State Bank of India,2026-09-09,11:45,955.81
SBIN,State Bank of India,2026-09-09,12:15,959.68
SBIN,State Bank of India,2026-09-09,12:45,963.97
SBIN,State Bank of India,2026-09-09,13:15,964.56
SBIN,State Bank of India,2026-09-09,13:45,963.34
SBIN,State Bank of India,2026-09-09,14:15,965.63
SBIN,State Bank of India,2026-09-09,14:45,968.75
SBIN,State Bank of India,2026-09-09,15:15,968.62
SBIN,State Bank of India,2026-09-10,09:15,967.75
SBIN,State Bank of India,2026-09-10,09:45,964.96
SBIN,State Bank of India,2026-09-10,10:15,968.99
SBIN,State Bank of India,2026-09-10,10:45,967.94
SBIN,State Bank of India,2026-09-10,11:15,962.85
SBIN,State Bank of India,2026-09-10,11:45,961.27
SBIN,State Bank of India,2026-09-10,12:15,964.02
SBIN,State Bank of India,2026-09-10,12:45,963.67
SBIN,State Bank of India,2026-09-10,13:15,960.44
SBIN,State Bank of India,2026-09-10,13:45,962.08
SBIN,State Bank of India,2026-09-10,14:15,964.45
SBIN,State Bank of India,2026-09-10,14:45,968.25
SBIN,State Bank of India,2026-09-10,15:15,971.44
SBIN,State Bank of India,2026-09-11,09:15,978.28
SBIN,State Bank of India,2026-09-11,09:45,974.51
SBIN,State Bank of India,2026-09-11,10:15,977.21
SBIN,State Bank of India,2026-09-11,10:45,978.33
SBIN,State Bank of India,2026-09-11,11:15,972.09
SBIN,State Bank of India,2026-09-11,11:45,973.01
SBIN,State Bank of India,2026-09-11,12:15,975.01
SBIN,State Bank of India,2026-09-11,12:45,980.42
SBIN,State Bank of India,2026-09-11,13:15,976.63
SBIN,State Bank of India,2026-09-11,13:45,975.18
SBIN,State Bank of India,2026-09-11,14:15,980.81
SBIN,State Bank of India,2026-09-11,14:45,984.77
SBIN,State Bank of India,2026-09-11,15:15,989.77
SBIN,State Bank of India,2026-09-14,09:15,981.0
SBIN,State Bank of India,2026-09-14,09:45,979.6
SBIN,State Bank of India,2026-09-14,10:15,978.72
SBIN,State Bank of India,2026-09-14,10:45,981.22
SBIN,State Bank of India,2026-09-14,11:15,973.9
SBIN,State Bank of India,2026-09-14,11:45,974.0
SBIN,State Bank of India,2026-09-14,12:15,976.76
SBIN,State Bank of India,2026-09-14,12:45,977.68
SBIN,State Bank of India,2026-09-14,13:15,978.2
SBIN,State Bank of India,2026-09-14,13:45,974.47
SBIN,State Bank of India,2026-09-14,14:15,979.36
SBIN,State Bank of India,2026-09-14,14:45,983.35
SBIN,State Bank of India,2026-09-14,15:15,983.0
SBIN,State Bank of India,2026-09-15,09:15,980.43
SBIN,State Bank of India,2026-09-15,09:45,976.75
SBIN,State Bank of India,2026-09-15,10:15,981.79
SBIN,State Bank of India,2026-09-15,10:45,981.27
SBIN,State Bank of India,2026-09-15,11:15,974.1
SBIN,State Bank of India,2026-09-15,11:45,972.75
SBIN,State Bank of India,2026-09-15,12:15,977.03
SBIN,State Bank of India,2026-09-15,12:45,978.85
SBIN,State Bank of India,2026-09-15,13:15,974.67
SBIN,State Bank of India,2026-09-15,13:45,973.86
SBIN,State Bank of India,2026-09-15,14:15,979.42
SBIN,State Bank of India,2026-09-15,14:45,986.21
SBIN,State Bank of India,2026-09-15,15:15,984.77
SBIN,State Bank of India,2026-09-16,09:15,983.65
SBIN,State Bank of India,2026-09-16,09:45,981.36
SBIN,State Bank of India,2026-09-16,10:15,982.46
SBIN,State Bank of India,2026-09-16,10:45,979.78
SBIN,State Bank of India,2026-09-16,11:15,972.7
SBIN,State Bank of India,2026-09-16,11:45,967.28
SBIN,State Bank of India,2026-09-16,12:15,970.93
SBIN,State Bank of India,2026-09-16,12:45,974.97
SBIN,State Bank of India,2026-09-16,13:15,974.44
SBIN,State Bank of India,2026-09-16,13:45,975.59
SBIN,State Bank of India,2026-09-16,14:15,981.02
SBIN,State Bank of India,2026-09-16,14:45,987.69
SBIN,State Bank of India,2026-09-16,15:15,989.91
SBIN,State Bank of India,2026-09-17,09:15,980.6
SBIN,State Bank of India,2026-09-17,09:45,978.29
SBIN,State Bank of India,2026-09-17,10:15,978.45
SBIN,State Bank of India,2026-09-17,10:45,975.76
SBIN,State Bank of India,2026-09-17,11:15,968.01
SBIN,State Bank of India,2026-09-17,11:45,964.03
SBIN,State Bank of India,2026-09-17,12:15,965.47
SBIN,State Bank of India,2026-09-17,12:45,967.45
SBIN,State Bank of India,2026-09-17,13:15,965.69
SBIN,State Bank of India,2026-09-17,13:45,965.24
SBIN,State Bank of India,2026-09-17,14:15,971.49
SBIN,State Bank of India,2026-09-17,14:45,979.06
SBIN,State Bank of India,2026-09-17,15:15,981.67
SBIN,State Bank of India,2026-09-18,09:15,975.28
SBIN,State Bank of India,2026-09-18,09:45,971.65
SBIN,State Bank of India,2026-09-18,10:15,975.91
SBIN,State Bank of India,2026-09-18,10:45,976.13
SBIN,State Bank of India,2026-09-18,11:15,968.67
SBIN,State Bank of India,2026-09-18,11:45,965.14
SBIN,State Bank of India,2026-09-18,12:15,968.28
SBIN,State Bank of India,2026-09-18,12:45,972.98
SBIN,State Bank of India,2026-09-18,13:15,970.43
SBIN,State Bank of India,2026-09-18,13:45,966.13
SBIN,State Bank of India,2026-09-18,14:15,969.26
SBIN,State Bank of India,2026-09-18,14:45,978.26
SBIN,State Bank of India,2026-09-18,15:15,981.16
SBIN,State Bank of India,2026-09-21,09:15,977.4
SBIN,State Bank of India,2026-09-21,09:45,974.8
SBIN,State Bank of India,2026-09-21,10:15,974.28
SBIN,State Bank of India,2026-09-21,10:45,975.47
SBIN,State Bank of India,2026-09-21,11:15,971.01
SBIN,State Bank of India,2026-09-21,11:45,969.22
SBIN,State Bank of India,2026-09-21,12:15,974.86
SBIN,State Bank of India,2026-09-21,12:45,975.12
SBIN,State Bank of India,2026-09-21,13:15,974.66
SBIN,State Bank of India,2026-09-21,13:45,972.78
SBIN,State Bank of India,2026-09-21,14:15,974.26
SBIN,State Bank of India,2026-09-21,14:45,981.29
SBIN,State Bank of India,2026-09-21,15:15,980.59
ITC,ITC,2026-09-01,09:15,410.86
ITC,ITC,2026-09-01,09:45,406.7
ITC,ITC,2026-09-01,10:15,403.74
ITC,ITC,2026-09-01,10:45,402.82
ITC,ITC,2026-09-01,11:15,403.29
ITC,ITC,2026-09-01,11:45,405.67
ITC,ITC,2026-09-01,12:15,406.94
ITC,ITC,2026-09-01,12:45,407.03
ITC,ITC,2026-09-01,13:15,406.93
ITC,ITC,2026-09-01,13:45,406.52
ITC,ITC,2026-09-01,14:15,406.64
ITC,ITC,2026-09-01,14:45,406.76
ITC,ITC,2026-09-01,15:15,407.49
ITC,ITC,2026-09-02,09:15,408.87
ITC,ITC,2026-09-02,09:45,407.33
ITC,ITC,2026-09-02,10:15,404.7
ITC,ITC,2026-09-02,10:45,402.64
ITC,ITC,2026-09-02,11:15,403.67
ITC,ITC,2026-09-02,11:45,405.09
ITC,ITC,2026-09-02,12:15,406.1
ITC,ITC,2026-09-02,12:45,408.48
ITC,ITC,2026-09-02,13:15,409.24
ITC,ITC,2026-09-02,13:45,407.47
ITC,ITC,2026-09-02,14:15,406.76
ITC,ITC,2026-09-02,14:45,407.14
ITC,ITC,2026-09-02,15:15,406.87
ITC,ITC,2026-09-03,09:15,408.55
ITC,ITC,2026-09-03,09:45,404.69
ITC,ITC,2026-09-03,10:15,403.77
ITC,ITC,2026-09-03,10:45,402.22
ITC,ITC,2026-09-03,11:15,403.17
ITC,ITC,2026-09-03,11:45,404.12
ITC,ITC,2026-09-03,12:15,405.82
ITC,ITC,2026-09-03,12:45,407.28
ITC,ITC,2026-09-03,13:15,408.08
ITC,ITC,2026-09-03,13:45,407.83
ITC,ITC,2026-09-03,14:15,407.11
ITC,ITC,2026-09-03,14:45,407.26
ITC,ITC,2026-09-03,15:15,407.14
ITC,ITC,2026-09-04,09:15,411.5
ITC,ITC,2026-09-04,09:45,409.28
ITC,ITC,2026-09-04,10:15,405.74
ITC,ITC,2026-09-04,10:45,404.97
ITC,ITC,2026-09-04,11:15,405.39
ITC,ITC,2026-09-04,11:45,405.75
ITC,ITC,2026-09-04,12:15,408.64
ITC,ITC,2026-09-04,12:45,410.08
ITC,ITC,2026-09-04,13:15,410.55
ITC,ITC,2026-09-04,13:45,410.93
ITC,ITC,2026-09-04,14:15,409.21
ITC,ITC,2026-09-04,14:45,408.57
ITC,ITC,2026-09-04,15:15,409.34
ITC,ITC,2026-09-07,09:15,412.23
ITC,ITC,2026-09-07,09:45,409.11
ITC,ITC,2026-09-07,10:15,407.62
ITC,ITC,2026-09-07,10:45,407.28
ITC,ITC,2026-09-07,11:15,407.04
ITC,ITC,2026-09-07,11:45,407.74
ITC,ITC,2026-09-07,12:15,408.28
ITC,ITC,2026-09-07,12:45,410.62
ITC,ITC,2026-09-07,13:15,412.73
ITC,ITC,2026-09-07,13:45,413.0
ITC,ITC,2026-09-07,14:15,411.06
ITC,ITC,2026-09-07,14:45,409.43
ITC,ITC,2026-09-07,15:15,410.16
ITC,ITC,2026-09-08,09:15,411.2
ITC,ITC,2026-09-08,09:45,409.66
ITC,ITC,2026-09-08,10:15,407.66
ITC,ITC,2026-09-08,10:45,406.37
ITC,ITC,2026-09-08,11:15,406.59
ITC,ITC,2026-09-08,11:45,407.68
ITC,ITC,2026-09-08,12:15,409.12
ITC,ITC,2026-09-08,12:45,409.14
ITC,ITC,2026-09-08,13:15,408.75
ITC,ITC,2026-09-08,13:45,408.0
ITC,ITC,2026-09-08,14:15,406.14
ITC,ITC,2026-09-08,14:45,405.11
ITC,ITC,2026-09-08,15:15,404.83
ITC,ITC,2026-09-09,09:15,411.09
ITC,ITC,2026-09-09,09:45,407.88
ITC,ITC,2026-09-09,10:15,404.85
ITC,ITC,2026-09-09,10:45,403.12
ITC,ITC,2026-09-09,11:15,403.08
ITC,ITC,2026-09-09,11:45,404.04
ITC,ITC,2026-09-09,12:15,406.0
ITC,ITC,2026-09-09,12:45,407.93
ITC,ITC,2026-09-09,13:15,409.47
ITC,ITC,2026-09-09,13:45,409.02
ITC,ITC,2026-09-09,14:15,407.51
ITC,ITC,2026-09-09,14:45,405.64
ITC,ITC,2026-09-09,15:15,405.13
ITC,ITC,2026-09-10,09:15,413.69
ITC,ITC,2026-09-10,09:45,411.94
ITC,ITC,2026-09-10,10:15,410.08
ITC,ITC,2026-09-10,10:45,408.26
ITC,ITC,2026-09-10,11:15,407.46
ITC,ITC,2026-09-10,11:45,408.95
ITC,ITC,2026-09-10,12:15,411.22
ITC,ITC,2026-09-10,12:45,411.43
ITC,ITC,2026-09-10,13:15,411.83
ITC,ITC,2026-09-10,13:45,413.19
ITC,ITC,2026-09-10,14:15,411.93
ITC,ITC,2026-09-10,14:45,410.33
ITC,ITC,2026-09-10,15:15,411.35
ITC,ITC,2026-09-11,09:15,414.29
ITC,ITC,2026-09-11,09:45,410.84
ITC,ITC,2026-09-11,10:15,408.29
ITC,ITC,2026-09-11,10:45,407.04
ITC,ITC,2026-09-11,11:15,406.44
ITC,ITC,2026-09-11,11:45,408.6
ITC,ITC,2026-09-11,12:15,408.71
ITC,ITC,2026-09-11,12:45,411.36
ITC,ITC,2026-09-11,13:15,412.11
ITC,ITC,2026-09-11,13:45,412.36
ITC,ITC,2026-09-11,14:15,411.61
ITC,ITC,2026-09-11,14:45,410.87
ITC,ITC,2026-09-11,15:15,411.83
ITC,ITC,2026-09-14,09:15,412.2
ITC,ITC,2026-09-14,09:45,409.23
ITC,ITC,2026-09-14,10:15,405.81
ITC,ITC,2026-09-14,10:45,405.41
ITC,ITC,2026-09-14,11:15,405.02
ITC,ITC,2026-09-14,11:45,406.81
ITC,ITC,2026-09-14,12:15,408.05
ITC,ITC,2026-09-14,12:45,408.98
ITC,ITC,2026-09-14,13:15,410.37
ITC,ITC,2026-09-14,13:45,408.93
ITC,ITC,2026-09-14,14:15,408.94
ITC,ITC,2026-09-14,14:45,407.84
ITC,ITC,2026-09-14,15:15,408.21
ITC,ITC,2026-09-15,09:15,413.59
ITC,ITC,2026-09-15,09:45,410.38
ITC,ITC,2026-09-15,10:15,409.21
ITC,ITC,2026-09-15,10:45,407.74
ITC,ITC,2026-09-15,11:15,406.85
ITC,ITC,2026-09-15,11:45,407.6
ITC,ITC,2026-09-15,12:15,410.02
ITC,ITC,2026-09-15,12:45,411.23
ITC,ITC,2026-09-15,13:15,410.86
ITC,ITC,2026-09-15,13:45,410.41
ITC,ITC,2026-09-15,14:15,410.28
ITC,ITC,2026-09-15,14:45,409.72
ITC,ITC,2026-09-15,15:15,409.46
ITC,ITC,2026-09-16,09:15,418.47
ITC,ITC,2026-09-16,09:45,415.56
ITC,ITC,2026-09-16,10:15,412.58
ITC,ITC,2026-09-16,10:45,410.04
ITC,ITC,2026-09-16,11:15,408.75
ITC,ITC,2026-09-16,11:45,409.4
ITC,ITC,2026-09-16,12:15,411.07
ITC,ITC,2026-09-16,12:45,412.75
ITC,ITC,2026-09-16,13:15,413.82
ITC,ITC,2026-09-16,13:45,414.29
ITC,ITC,2026-09-16,14:15,414.72
ITC,ITC,2026-09-16,14:45,414.29
ITC,ITC,2026-09-16,15:15,414.02
ITC,ITC,2026-09-17,09:15,415.95
ITC,ITC,2026-09-17,09:45,413.28
ITC,ITC,2026-09-17,10:15,411.2
ITC,ITC,2026-09-17,10:45,408.78
ITC,ITC,2026-09-17,11:15,408.14
ITC,ITC,2026-09-17,11:45,408.55
ITC,ITC,2026-09-17,12:15,408.67
ITC,ITC,2026-09-17,12:45,409.2
ITC,ITC,2026-09-17,13:15,409.36
ITC,ITC,2026-09-17,13:45,409.21
ITC,ITC,2026-09-17,14:15,409.09
ITC,ITC,2026-09-17,14:45,409.83
ITC,ITC,2026-09-17,15:15,411.61
ITC,ITC,2026-09-18,09:15,413.34
ITC,ITC,2026-09-18,09:45,410.22
ITC,ITC,2026-09-18,10:15,408.31
ITC,ITC,2026-09-18,10:45,408.08
ITC,ITC,2026-09-18,11:15,407.28
ITC,ITC,2026-09-18,11:45,408.11
ITC,ITC,2026-09-18,12:15,410.04
ITC,ITC,2026-09-18,12:45,412.53
ITC,ITC,2026-09-18,13:15,413.34
ITC,ITC,2026-09-18,13:45,411.71
ITC,ITC,2026-09-18,14:15,410.62
ITC,ITC,2026-09-18,14:45,410.71
ITC,ITC,2026-09-18,15:15,411.43
ITC,ITC,2026-09-21,09:15,417.91
ITC,ITC,2026-09-21,09:45,416.26
ITC,ITC,2026-09-21,10:15,412.61
ITC,ITC,2026-09-21,10:45,412.46
ITC,ITC,2026-09-21,11:15,412.6
ITC,ITC,2026-09-21,11:45,413.98
ITC,ITC,2026-09-21,12:15,415.99
ITC,ITC,2026-09-21,12:45,416.44
ITC,ITC,2026-09-21,13:15,417.97
ITC,ITC,2026-09-21,13:45,418.19
ITC,ITC,2026-09-21,14:15,416.74
ITC,ITC,2026-09-21,14:45,417.79
ITC,ITC,2026-09-21,15:15,416.73
LT,Larsen & Toubro,2026-09-01,09:15,3878.14
LT,Larsen & Toubro,2026-09-01,09:45,3863.4
LT,Larsen & Toubro,2026-09-01,10:15,3857.89
LT,Larsen & Toubro,2026-09-01,10:45,3860.13
LT,Larsen & Toubro,2026-09-01,11:15,3869.34
LT,Larsen & Toubro,2026-09-01,11:45,3883.74
LT,Larsen & Toubro,2026-09-01,12:15,3895.87
LT,Larsen & Toubro,2026-09-01,12:45,3906.41
LT,Larsen & Toubro,2026-09-01,13:15,3915.77
LT,Larsen & Toubro,2026-09-01,13:45,3936.95
LT,Larsen & Toubro,2026-09-01,14:15,3967.88
LT,Larsen & Toubro,2026-09-01,14:45,4003.2
LT,Larsen & Toubro,2026-09-01,15:15,4035.41
LT,Larsen & Toubro,2026-09-02,09:15,3857.71
LT,Larsen & Toubro,2026-09-02,09:45,3860.65
LT,Larsen & Toubro,2026-09-02,10:15,3851.81
LT,Larsen & Toubro,2026-09-02,10:45,3846.34
LT,Larsen & Toubro,2026-09-02,11:15,3862.45
LT,Larsen & Toubro,2026-09-02,11:45,3870.51
LT,Larsen & Toubro,2026-09-02,12:15,3873.95
LT,Larsen & Toubro,2026-09-02,12:45,3895.44
LT,Larsen & Toubro,2026-09-02,13:15,3920.96
LT,Larsen & Toubro,2026-09-02,13:45,3926.51
LT,Larsen & Toubro,2026-09-02,14:15,3953.02
LT,Larsen & Toubro,2026-09-02,14:45,3982.88
LT,Larsen & Toubro,2026-09-02,15:15,4006.31
LT,Larsen & Toubro,2026-09-03,09:15,3919.09
LT,Larsen & Toubro,2026-09-03,09:45,3903.45
LT,Larsen & Toubro,2026-09-03,10:15,3912.91
LT,Larsen & Toubro,2026-09-03,10:45,3904.18
LT,Larsen & Toubro,2026-09-03,11:15,3919.09
LT,Larsen & Toubro,2026-09-03,11:45,3922.8
LT,Larsen & Toubro,2026-09-03,12:15,3934.87
LT,Larsen & Toubro,2026-09-03,12:45,3948.36
LT,Larsen & Toubro,2026-09-03,13:15,3973.07
LT,Larsen & Toubro,2026-09-03,13:45,3998.15
LT,Larsen & Toubro,2026-09-03,14:15,4020.06
LT,Larsen & Toubro,2026-09-03,14:45,4049.15
LT,Larsen & Toubro,2026-09-03,15:15,4078.23
LT,Larsen & Toubro,2026-09-04,09:15,3869.95
LT,Larsen & Toubro,2026-09-04,09:45,3874.78
LT,Larsen & Toubro,2026-09-04,10:15,3863.84
LT,Larsen & Toubro,2026-09-04,10:45,3867.76
LT,Larsen & Toubro,2026-09-04,11:15,3873.68
LT,Larsen & Toubro,2026-09-04,11:45,3876.66
LT,Larsen & Toubro,2026-09-04,12:15,3901.35
LT,Larsen & Toubro,2026-09-04,12:45,3911.85
LT,Larsen & Toubro,2026-09-04,13:15,3922.81
LT,Larsen & Toubro,2026-09-04,13:45,3956.39
LT,Larsen & Toubro,2026-09-04,14:15,3972.76
LT,Larsen & Toubro,2026-09-04,14:45,3994.37
LT,Larsen & Toubro,2026-09-04,15:15,4029.18
LT,Larsen & Toubro,2026-09-07,09:15,3908.31
LT,Larsen & Toubro,2026-09-07,09:45,3892.94
LT,Larsen & Toubro,2026-09-07,10:15,3896.79
LT,Larsen & Toubro,2026-09-07,10:45,3907.47
LT,Larsen & Toubro,2026-09-07,11:15,3914.43
LT,Larsen & Toubro,2026-09-07,11:45,3909.3
LT,Larsen & Toubro,2026-09-07,12:15,3913.35
LT,Larsen & Toubro,2026-09-07,12:45,3936.97
LT,Larsen & Toubro,2026-09-07,13:15,3958.85
LT,Larsen & Toubro,2026-09-07,13:45,3982.57
LT,Larsen & Toubro,2026-09-07,14:15,3991.04
LT,Larsen & Toubro,2026-09-07,14:45,4008.87
LT,Larsen & Toubro,2026-09-07,15:15,4039.69
LT,Larsen & Toubro,2026-09-08,09:15,3902.08
LT,Larsen & Toubro,2026-09-08,09:45,3897.57
LT,Larsen & Toubro,2026-09-08,10:15,3903.17
LT,Larsen & Toubro,2026-09-08,10:45,3908.68
LT,Larsen & Toubro,2026-09-08,11:15,3916.18
LT,Larsen & Toubro,2026-09-08,11:45,3923.32
LT,Larsen & Toubro,2026-09-08,12:15,3924.77
LT,Larsen & Toubro,2026-09-08,12:45,3930.58
LT,Larsen & Toubro,2026-09-08,13:15,3939.02
LT,Larsen & Toubro,2026-09-08,13:45,3947.87
LT,Larsen & Toubro,2026-09-08,14:15,3961.5
LT,Larsen & Toubro,2026-09-08,14:45,3981.11
LT,Larsen & Toubro,2026-09-08,15:15,4003.44
LT,Larsen & Toubro,2026-09-09,09:15,3911.98
LT,Larsen & Toubro,2026-09-09,09:45,3905.93
LT,Larsen & Toubro,2026-09-09,10:15,3889.75
LT,Larsen & Toubro,2026-09-09,10:45,3881.25
LT,Larsen & Toubro,2026-09-09,11:15,3882.55
LT,Larsen & Toubro,2026-09-09,11:45,3896.38
LT,Larsen & Toubro,2026-09-09,12:15,3921.44
LT,Larsen & Toubro,2026-09-09,12:45,3944.94
LT,Larsen & Toubro,2026-09-09,13:15,3971.16
LT,Larsen & Toubro,2026-09-09,13:45,3992.36
LT,Larsen & Toubro,2026-09-09,14:15,4009.15
LT,Larsen & Toubro,2026-09-09,14:45,4019.55
LT,Larsen & Toubro,2026-09-09,15:15,4041.42
LT,Larsen & Toubro,2026-09-10,09:15,3910.97
LT,Larsen & Toubro,2026-09-10,09:45,3911.3
LT,Larsen & Toubro,2026-09-10,10:15,3918.57
LT,Larsen & Toubro,2026-09-10,10:45,3913.72
LT,Larsen & Toubro,2026-09-10,11:15,3915.71
LT,Larsen & Toubro,2026-09-10,11:45,3933.32
LT,Larsen & Toubro,2026-09-10,12:15,3953.27
LT,Larsen & Toubro,2026-09-10,12:45,3957.58
LT,Larsen & Toubro,2026-09-10,13:15,3971.19
LT,Larsen & Toubro,2026-09-10,13:45,4006.56
LT,Larsen & Toubro,2026-09-10,14:15,4031.53
LT,Larsen & Toubro,2026-09-10,14:45,4043.21
LT,Larsen & Toubro,2026-09-10,15:15,4075.25
LT,Larsen & Toubro,2026-09-11,09:15,3911.3
LT,Larsen & Toubro,2026-09-11,09:45,3897.63
LT,Larsen & Toubro,2026-09-11,10:15,3894.63
LT,Larsen & Toubro,2026-09-11,10:45,3902.99
LT,Larsen & Toubro,2026-09-11,11:15,3898.13
LT,Larsen & Toubro,2026-09-11,11:45,3920.36
LT,Larsen & Toubro,2026-09-11,12:15,3917.16
LT,Larsen & Toubro,2026-09-11,12:45,3934.6
LT,Larsen & Toubro,2026-09-11,13:15,3950.44
LT,Larsen & Toubro,2026-09-11,13:45,3971.85
LT,Larsen & Toubro,2026-09-11,14:15,3996.46
LT,Larsen & Toubro,2026-09-11,14:45,4019.58
LT,Larsen & Toubro,2026-09-11,15:15,4057.55
LT,Larsen & Toubro,2026-09-14,09:15,3943.33
LT,Larsen & Toubro,2026-09-14,09:45,3937.99
LT,Larsen & Toubro,2026-09-14,10:15,3930.42
LT,Larsen & Toubro,2026-09-14,10:45,3937.06
LT,Larsen & Toubro,2026-09-14,11:15,3935.8
LT,Larsen & Toubro,2026-09-14,11:45,3946.79
LT,Larsen & Toubro,2026-09-14,12:15,3953.7
LT,Larsen & Toubro,2026-09-14,12:45,3964.65
LT,Larsen & Toubro,2026-09-14,13:15,3989.69
LT,Larsen & Toubro,2026-09-14,13:45,3996.25
LT,Larsen & Toubro,2026-09-14,14:15,4025.88
LT,Larsen & Toubro,2026-09-14,14:45,4050.86
LT,Larsen & Toubro,2026-09-14,15:15,4077.5
LT,Larsen & Toubro,2026-09-15,09:15,3901.24
LT,Larsen & Toubro,2026-09-15,09:45,3896.53
LT,Larsen & Toubro,2026-09-15,10:15,3904.38
LT,Larsen & Toubro,2026-09-15,10:45,3902.69
LT,Larsen & Toubro,2026-09-15,11:15,3896.41
LT,Larsen & Toubro,2026-09-15,11:45,3904.98
LT,Larsen & Toubro,2026-09-15,12:15,3925.12
LT,Larsen & Toubro,2026-09-15,12:45,3934.87
LT,Larsen & Toubro,2026-09-15,13:15,3945.51
LT,Larsen & Toubro,2026-09-15,13:45,3961.67
LT,Larsen & Toubro,2026-09-15,14:15,3999.54
LT,Larsen & Toubro,2026-09-15,14:45,4020.52
LT,Larsen & Toubro,2026-09-15,15:15,4040.69
LT,Larsen & Toubro,2026-09-16,09:15,3960.34
LT,Larsen & Toubro,2026-09-16,09:45,3955.13
LT,Larsen & Toubro,2026-09-16,10:15,3943.68
LT,Larsen & Toubro,2026-09-16,10:45,3934.25
LT,Larsen & Toubro,2026-09-16,11:15,3932.47
LT,Larsen & Toubro,2026-09-16,11:45,3937.27
LT,Larsen & Toubro,2026-09-16,12:15,3944.05
LT,Larsen & Toubro,2026-09-16,12:45,3967.07
LT,Larsen & Toubro,2026-09-16,13:15,3988.57
LT,Larsen & Toubro,2026-09-16,13:45,4024.53
LT,Larsen & Toubro,2026-09-16,14:15,4058.69
LT,Larsen & Toubro,2026-09-16,14:45,4093.04
LT,Larsen & Toubro,2026-09-16,15:15,4117.31
LT,Larsen & Toubro,2026-09-17,09:15,3927.8
LT,Larsen & Toubro,2026-09-17,09:45,3924.88
LT,Larsen & Toubro,2026-09-17,10:15,3923.72
LT,Larsen & Toubro,2026-09-17,10:45,3915.6
LT,Larsen & Toubro,2026-09-17,11:15,3915.28
LT,Larsen & Toubro,2026-09-17,11:45,3910.02
LT,Larsen & Toubro,2026-09-17,12:15,3916.11
LT,Larsen & Toubro,2026-09-17,12:45,3928.63
LT,Larsen & Toubro,2026-09-17,13:15,3946.4
LT,Larsen & Toubro,2026-09-17,13:45,3961.99
LT,Larsen & Toubro,2026-09-17,14:15,3993.67
LT,Larsen & Toubro,2026-09-17,14:45,4025.89
LT,Larsen & Toubro,2026-09-17,15:15,4061.22
LT,Larsen & Toubro,2026-09-18,09:15,3939.38
LT,Larsen & Toubro,2026-09-18,09:45,3927.78
LT,Larsen & Toubro,2026-09-18,10:15,3936.01
LT,Larsen & Toubro,2026-09-18,10:45,3943.44
LT,Larsen & Toubro,2026-09-18,11:15,3938.88
LT,Larsen & Toubro,2026-09-18,11:45,3941.1
LT,Larsen & Toubro,2026-09-18,12:15,3957.29
LT,Larsen & Toubro,2026-09-18,12:45,3983.03
LT,Larsen & Toubro,2026-09-18,13:15,3998.39
LT,Larsen & Toubro,2026-09-18,13:45,4008.6
LT,Larsen & Toubro,2026-09-18,14:15,4028.1
LT,Larsen & Toubro,2026-09-18,14:45,4058.4
LT,Larsen & Toubro,2026-09-18,15:15,4087.03
LT,Larsen & Toubro,2026-09-21,09:15,3955.43
LT,Larsen & Toubro,2026-09-21,09:45,3952.35
LT,Larsen & Toubro,2026-09-21,10:15,3941.03
LT,Larsen & Toubro,2026-09-21,10:45,3956.15
LT,Larsen & Toubro,2026-09-21,11:15,3962.01
LT,Larsen & Toubro,2026-09-21,11:45,3971.47
LT,Larsen & Toubro,2026-09-21,12:15,3986.06
LT,Larsen & Toubro,2026-09-21,12:45,3990.5
LT,Larsen & Toubro,2026-09-21,13:15,4014.29
LT,Larsen & Toubro,2026-09-21,13:45,4034.38
LT,Larsen & Toubro,2026-09-21,14:15,4050.18
LT,Larsen & Toubro,2026-09-21,14:45,4089.33
LT,Larsen & Toubro,2026-09-21,15:15,4107.05
AXISBANK,Axis Bank,2026-09-01,09:15,1224.44
AXISBANK,Axis Bank,2026-09-01,09:45,1222.69
AXISBANK,Axis Bank,2026-09-01,10:15,1219.83
AXISBANK,Axis Bank,2026-09-01,10:45,1217.9
AXISBANK,Axis Bank,2026-09-01,11:15,1213.77
AXISBANK,Axis Bank,2026-09-01,11:45,1210.52
AXISBANK,Axis Bank,2026-09-01,12:15,1211.51
AXISBANK,Axis Bank,2026-09-01,12:45,1214.78
AXISBANK,Axis Bank,2026-09-01,13:15,1216.24
AXISBANK,Axis Bank,2026-09-01,13:45,1217.89
AXISBANK,Axis Bank,2026-09-01,14:15,1218.6
AXISBANK,Axis Bank,2026-09-01,14:45,1220.89
AXISBANK,Axis Bank,2026-09-01,15:15,1222.04
AXISBANK,Axis Bank,2026-09-02,09:15,1236.07
AXISBANK,Axis Bank,2026-09-02,09:45,1241.56
AXISBANK,Axis Bank,2026-09-02,10:15,1239.0
AXISBANK,Axis Bank,2026-09-02,10:45,1233.34
AXISBANK,Axis Bank,2026-09-02,11:15,1228.97
AXISBANK,Axis Bank,2026-09-02,11:45,1224.02
AXISBANK,Axis Bank,2026-09-02,12:15,1221.13
AXISBANK,Axis Bank,2026-09-02,12:45,1227.15
AXISBANK,Axis Bank,2026-09-02,13:15,1235.69
AXISBANK,Axis Bank,2026-09-02,13:45,1236.99
AXISBANK,Axis Bank,2026-09-02,14:15,1236.74
AXISBANK,Axis Bank,2026-09-02,14:45,1238.04
AXISBANK,Axis Bank,2026-09-02,15:15,1237.22
AXISBANK,Axis Bank,2026-09-03,09:15,1230.07
AXISBANK,Axis Bank,2026-09-03,09:45,1229.71
AXISBANK,Axis Bank,2026-09-03,10:15,1231.03
AXISBANK,Axis Bank,2026-09-03,10:45,1225.86
AXISBANK,Axis Bank,2026-09-03,11:15,1222.97
AXISBANK,Axis Bank,2026-09-03,11:45,1218.19
AXISBANK,Axis Bank,2026-09-03,12:15,1221.44
AXISBANK,Axis Bank,2026-09-03,12:45,1223.98
AXISBANK,Axis Bank,2026-09-03,13:15,1228.6
AXISBANK,Axis Bank,2026-09-03,13:45,1232.9
AXISBANK,Axis Bank,2026-09-03,14:15,1232.9
AXISBANK,Axis Bank,2026-09-03,14:45,1232.41
AXISBANK,Axis Bank,2026-09-03,15:15,1231.24
AXISBANK,Axis Bank,2026-09-04,09:15,1238.48
AXISBANK,Axis Bank,2026-09-04,09:45,1242.23
AXISBANK,Axis Bank,2026-09-04,10:15,1240.33
AXISBANK,Axis Bank,2026-09-04,10:45,1237.44
AXISBANK,Axis Bank,2026-09-04,11:15,1233.94
AXISBANK,Axis Bank,2026-09-04,11:45,1227.54
AXISBANK,Axis Bank,2026-09-04,12:15,1232.46
AXISBANK,Axis Bank,2026-09-04,12:45,1236.61
AXISBANK,Axis Bank,2026-09-04,13:15,1240.02
AXISBANK,Axis Bank,2026-09-04,13:45,1247.94
AXISBANK,Axis Bank,2026-09-04,14:15,1246.33
AXISBANK,Axis Bank,2026-09-04,14:45,1244.19
AXISBANK,Axis Bank,2026-09-04,15:15,1248.33
AXISBANK,Axis Bank,2026-09-07,09:15,1231.65
AXISBANK,Axis Bank,2026-09-07,09:45,1231.82
AXISBANK,Axis Bank,2026-09-07,10:15,1230.96
AXISBANK,Axis Bank,2026-09-07,10:45,1228.73
AXISBANK,Axis Bank,2026-09-07,11:15,1223.35
AXISBANK,Axis Bank,2026-09-07,11:45,1217.03
AXISBANK,Axis Bank,2026-09-07,12:15,1214.99
AXISBANK,Axis Bank,2026-09-07,12:45,1220.68
AXISBANK,Axis Bank,2026-09-07,13:15,1227.97
AXISBANK,Axis Bank,2026-09-07,13:45,1231.94
AXISBANK,Axis Bank,2026-09-07,14:15,1226.82
AXISBANK,Axis Bank,2026-09-07,14:45,1222.72
AXISBANK,Axis Bank,2026-09-07,15:15,1223.95
AXISBANK,Axis Bank,2026-09-08,09:15,1238.79
AXISBANK,Axis Bank,2026-09-08,09:45,1243.63
AXISBANK,Axis Bank,2026-09-08,10:15,1245.54
AXISBANK,Axis Bank,2026-09-08,10:45,1241.05
AXISBANK,Axis Bank,2026-09-08,11:15,1234.18
AXISBANK,Axis Bank,2026-09-08,11:45,1228.74
AXISBANK,Axis Bank,2026-09-08,12:15,1228.8
AXISBANK,Axis Bank,2026-09-08,12:45,1231.61
AXISBANK,Axis Bank,2026-09-08,13:15,1233.79
AXISBANK,Axis Bank,2026-09-08,13:45,1234.19
AXISBANK,Axis Bank,2026-09-08,14:15,1231.6
AXISBANK,Axis Bank,2026-09-08,14:45,1227.11
AXISBANK,Axis Bank,2026-09-08,15:15,1224.66
AXISBANK,Axis Bank,2026-09-09,09:15,1244.66
AXISBANK,Axis Bank,2026-09-09,09:45,1246.24
AXISBANK,Axis Bank,2026-09-09,10:15,1243.17
AXISBANK,Axis Bank,2026-09-09,10:45,1237.43
AXISBANK,Axis Bank,2026-09-09,11:15,1231.58
AXISBANK,Axis Bank,2026-09-09,11:45,1228.02
AXISBANK,Axis Bank,2026-09-09,12:15,1231.24
AXISBANK,Axis Bank,2026-09-09,12:45,1239.55
AXISBANK,Axis Bank,2026-09-09,13:15,1246.21
AXISBANK,Axis Bank,2026-09-09,13:45,1248.55
AXISBANK,Axis Bank,2026-09-09,14:15,1244.21
AXISBANK,Axis Bank,2026-09-09,14:45,1238.21
AXISBANK,Axis Bank,2026-09-09,15:15,1236.42
AXISBANK,Axis Bank,2026-09-10,09:15,1232.03
AXISBANK,Axis Bank,2026-09-10,09:45,1235.97
AXISBANK,Axis Bank,2026-09-10,10:15,1238.14
AXISBANK,Axis Bank,2026-09-10,10:45,1231.79
AXISBANK,Axis Bank,2026-09-10,11:15,1223.97
AXISBANK,Axis Bank,2026-09-10,11:45,1223.83
AXISBANK,Axis Bank,2026-09-10,12:15,1224.36
AXISBANK,Axis Bank,2026-09-10,12:45,1227.65
AXISBANK,Axis Bank,2026-09-10,13:15,1232.77
AXISBANK,Axis Bank,2026-09-10,13:45,1237.71
AXISBANK,Axis Bank,2026-09-10,14:15,1236.48
AXISBANK,Axis Bank,2026-09-10,14:45,1230.78
AXISBANK,Axis Bank,2026-09-10,15:15,1232.99
AXISBANK,Axis Bank,2026-09-11,09:15,1250.49
AXISBANK,Axis Bank,2026-09-11,09:45,1250.1
AXISBANK,Axis Bank,2026-09-11,10:15,1248.46
AXISBANK,Axis Bank,2026-09-11,10:45,1247.4
AXISBANK,Axis Bank,2026-09-11,11:15,1239.91
AXISBANK,Axis Bank,2026-09-11,11:45,1239.41
AXISBANK,Axis Bank,2026-09-11,12:15,1237.52
AXISBANK,Axis Bank,2026-09-11,12:45,1243.69
AXISBANK,Axis Bank,2026-09-11,13:15,1247.48
AXISBANK,Axis Bank,2026-09-11,13:45,1251.72
AXISBANK,Axis Bank,2026-09-11,14:15,1253.04
AXISBANK,Axis Bank,2026-09-11,14:45,1248.54
AXISBANK,Axis Bank,2026-09-11,15:15,1252.84
AXISBANK,Axis Bank,2026-09-14,09:15,1241.18
AXISBANK,Axis Bank,2026-09-14,09:45,1242.31
AXISBANK,Axis Bank,2026-09-14,10:15,1240.09
AXISBANK,Axis Bank,2026-09-14,10:45,1239.64
AXISBANK,Axis Bank,2026-09-14,11:15,1230.16
AXISBANK,Axis Bank,2026-09-14,11:45,1227.45
AXISBANK,Axis Bank,2026-09-14,12:15,1227.63
AXISBANK,Axis Bank,2026-09-14,12:45,1232.47
AXISBANK,Axis Bank,2026-09-14,13:15,1242.56
AXISBANK,Axis Bank,2026-09-14,13:45,1241.75
AXISBANK,Axis Bank,2026-09-14,14:15,1244.03
AXISBANK,Axis Bank,2026-09-14,14:45,1241.95
AXISBANK,Axis Bank,2026-09-14,15:15,1241.88
AXISBANK,Axis Bank,2026-09-15,09:15,1244.81
AXISBANK,Axis Bank,2026-09-15,09:45,1246.22
AXISBANK,Axis Bank,2026-09-15,10:15,1247.91
AXISBANK,Axis Bank,2026-09-15,10:45,1242.52
AXISBANK,Axis Bank,2026-09-15,11:15,1234.63
AXISBANK,Axis Bank,2026-09-15,11:45,1230.55
AXISBANK,Axis Bank,2026-09-15,12:15,1233.14
AXISBANK,Axis Bank,2026-09-15,12:45,1239.07
AXISBANK,Axis Bank,2026-09-15,13:15,1242.84
AXISBANK,Axis Bank,2026-09-15,13:45,1245.12
AXISBANK,Axis Bank,2026-09-15,14:15,1249.14
AXISBANK,Axis Bank,2026-09-15,14:45,1248.55
AXISBANK,Axis Bank,2026-09-15,15:15,1246.69
AXISBANK,Axis Bank,2026-09-16,09:15,1252.49
AXISBANK,Axis Bank,2026-09-16,09:45,1253.77
AXISBANK,Axis Bank,2026-09-16,10:15,1249.49
AXISBANK,Axis Bank,2026-09-16,10:45,1242.75
AXISBANK,Axis Bank,2026-09-16,11:15,1235.15
AXISBANK,Axis Bank,2026-09-16,11:45,1228.18
AXISBANK,Axis Bank,2026-09-16,12:15,1229.67
AXISBANK,Axis Bank,2026-09-16,12:45,1235.56
AXISBANK,Axis Bank,2026-09-16,13:15,1243.94
AXISBANK,Axis Bank,2026-09-16,13:45,1250.62
AXISBANK,Axis Bank,2026-09-16,14:15,1253.42
AXISBANK,Axis Bank,2026-09-16,14:45,1254.65
AXISBANK,Axis Bank,2026-09-16,15:15,1255.52
AXISBANK,Axis Bank,2026-09-17,09:15,1244.69
AXISBANK,Axis Bank,2026-09-17,09:45,1246.57
AXISBANK,Axis Bank,2026-09-17,10:15,1245.8
AXISBANK,Axis Bank,2026-09-17,10:45,1239.74
AXISBANK,Axis Bank,2026-09-17,11:15,1230.83
AXISBANK,Axis Bank,2026-09-17,11:45,1224.9
AXISBANK,Axis Bank,2026-09-17,12:15,1222.04
AXISBANK,Axis Bank,2026-09-17,12:45,1225.71
AXISBANK,Axis Bank,2026-09-17,13:15,1230.7
AXISBANK,Axis Bank,2026-09-17,13:45,1235.54
AXISBANK,Axis Bank,2026-09-17,14:15,1237.17
AXISBANK,Axis Bank,2026-09-17,14:45,1237.65
AXISBANK,Axis Bank,2026-09-17,15:15,1242.55
AXISBANK,Axis Bank,2026-09-18,09:15,1257.75
AXISBANK,Axis Bank,2026-09-18,09:45,1259.35
AXISBANK,Axis Bank,2026-09-18,10:15,1260.32
AXISBANK,Axis Bank,2026-09-18,10:45,1257.12
AXISBANK,Axis Bank,2026-09-18,11:15,1247.37
AXISBANK,Axis Bank,2026-09-18,11:45,1239.38
AXISBANK,Axis Bank,2026-09-18,12:15,1242.51
AXISBANK,Axis Bank,2026-09-18,12:45,1250.87
AXISBANK,Axis Bank,2026-09-18,13:15,1255.88
AXISBANK,Axis Bank,2026-09-18,13:45,1255.0
AXISBANK,Axis Bank,2026-09-18,14:15,1254.83
AXISBANK,Axis Bank,2026-09-18,14:45,1256.8
AXISBANK,Axis Bank,2026-09-18,15:15,1257.67
AXISBANK,Axis Bank,2026-09-21,09:15,1250.01
AXISBANK,Axis Bank,2026-09-21,09:45,1251.61
AXISBANK,Axis Bank,2026-09-21,10:15,1247.99
AXISBANK,Axis Bank,2026-09-21,10:45,1246.36
AXISBANK,Axis Bank,2026-09-21,11:15,1239.33
AXISBANK,Axis Bank,2026-09-21,11:45,1235.62
AXISBANK,Axis Bank,2026-09-21,12:15,1237.75
AXISBANK,Axis Bank,2026-09-21,12:45,1238.58
AXISBANK,Axis Bank,2026-09-21,13:15,1248.1
AXISBANK,Axis Bank,2026-09-21,13:45,1250.83
AXISBANK,Axis Bank,2026-09-21,14:15,1248.34
AXISBANK,Axis Bank,2026-09-21,14:45,1250.95
AXISBANK,Axis Bank,2026-09-21,15:15,1248.03
HINDUNILVR,Hindustan Unilever,2026-09-01,09:15,2638.48
HINDUNILVR,Hindustan Unilever,2026-09-01,09:45,2625.68
HINDUNILVR,Hindustan Unilever,2026-09-01,10:15,2608.13
HINDUNILVR,Hindustan Unilever,2026-09-01,10:45,2613.13
HINDUNILVR,Hindustan Unilever,2026-09-01,11:15,2625.33
HINDUNILVR,Hindustan Unilever,2026-09-01,11:45,2619.28
HINDUNILVR,Hindustan Unilever,2026-09-01,12:15,2611.13
HINDUNILVR,Hindustan Unilever,2026-09-01,12:45,2617.33
HINDUNILVR,Hindustan Unilever,2026-09-01,13:15,2616.82
HINDUNILVR,Hindustan Unilever,2026-09-01,13:45,2613.45
HINDUNILVR,Hindustan Unilever,2026-09-01,14:15,2622.34
HINDUNILVR,Hindustan Unilever,2026-09-01,14:45,2646.92
HINDUNILVR,Hindustan Unilever,2026-09-01,15:15,2651.42
HINDUNILVR,Hindustan Unilever,2026-09-02,09:15,2658.39
HINDUNILVR,Hindustan Unilever,2026-09-02,09:45,2655.26
HINDUNILVR,Hindustan Unilever,2026-09-02,10:15,2640.22
HINDUNILVR,Hindustan Unilever,2026-09-02,10:45,2633.88
HINDUNILVR,Hindustan Unilever,2026-09-02,11:15,2647.16
HINDUNILVR,Hindustan Unilever,2026-09-02,11:45,2635.16
HINDUNILVR,Hindustan Unilever,2026-09-02,12:15,2625.79
HINDUNILVR,Hindustan Unilever,2026-09-02,12:45,2642.57
HINDUNILVR,Hindustan Unilever,2026-09-02,13:15,2650.66
HINDUNILVR,Hindustan Unilever,2026-09-02,13:45,2636.02
HINDUNILVR,Hindustan Unilever,2026-09-02,14:15,2641.52
HINDUNILVR,Hindustan Unilever,2026-09-02,14:45,2660.87
HINDUNILVR,Hindustan Unilever,2026-09-02,15:15,2656.18
HINDUNILVR,Hindustan Unilever,2026-09-03,09:15,2692.43
HINDUNILVR,Hindustan Unilever,2026-09-03,09:45,2674.15
HINDUNILVR,Hindustan Unilever,2026-09-03,10:15,2662.25
HINDUNILVR,Hindustan Unilever,2026-09-03,10:45,2660.83
HINDUNILVR,Hindustan Unilever,2026-09-03,11:15,2667.52
HINDUNILVR,Hindustan Unilever,2026-09-03,11:45,2655.23
HINDUNILVR,Hindustan Unilever,2026-09-03,12:15,2651.56
HINDUNILVR,Hindustan Unilever,2026-09-03,12:45,2662.51
HINDUNILVR,Hindustan Unilever,2026-09-03,13:15,2668.99
HINDUNILVR,Hindustan Unilever,2026-09-03,13:45,2662.83
HINDUNILVR,Hindustan Unilever,2026-09-03,14:15,2668.72
HINDUNILVR,Hindustan Unilever,2026-09-03,14:45,2686.55
HINDUNILVR,Hindustan Unilever,2026-09-03,15:15,2690.13
HINDUNILVR,Hindustan Unilever,2026-09-04,09:15,2668.51
HINDUNILVR,Hindustan Unilever,2026-09-04,09:45,2661.18
HINDUNILVR,Hindustan Unilever,2026-09-04,10:15,2636.65
HINDUNILVR,Hindustan Unilever,2026-09-04,10:45,2638.45
HINDUNILVR,Hindustan Unilever,2026-09-04,11:15,2644.44
HINDUNILVR,Hindustan Unilever,2026-09-04,11:45,2629.83
HINDUNILVR,Hindustan Unilever,2026-09-04,12:15,2632.95
HINDUNILVR,Hindustan Unilever,2026-09-04,12:45,2642.53
HINDUNILVR,Hindustan Unilever,2026-09-04,13:15,2642.54
HINDUNILVR,Hindustan Unilever,2026-09-04,13:45,2642.06
HINDUNILVR,Hindustan Unilever,2026-09-04,14:15,2644.39
HINDUNILVR,Hindustan Unilever,2026-09-04,14:45,2661.91
HINDUNILVR,Hindustan Unilever,2026-09-04,15:15,2675.75
HINDUNILVR,Hindustan Unilever,2026-09-07,09:15,2654.27
HINDUNILVR,Hindustan Unilever,2026-09-07,09:45,2638.62
HINDUNILVR,Hindustan Unilever,2026-09-07,10:15,2625.16
HINDUNILVR,Hindustan Unilever,2026-09-07,10:45,2631.52
HINDUNILVR,Hindustan Unilever,2026-09-07,11:15,2635.12
HINDUNILVR,Hindustan Unilever,2026-09-07,11:45,2622.89
HINDUNILVR,Hindustan Unilever,2026-09-07,12:15,2616.65
HINDUNILVR,Hindustan Unilever,2026-09-07,12:45,2633.73
HINDUNILVR,Hindustan Unilever,2026-09-07,13:15,2644.76
HINDUNILVR,Hindustan Unilever,2026-09-07,13:45,2638.2
HINDUNILVR,Hindustan Unilever,2026-09-07,14:15,2639.73
HINDUNILVR,Hindustan Unilever,2026-09-07,14:45,2655.09
HINDUNILVR,Hindustan Unilever,2026-09-07,15:15,2665.93
HINDUNILVR,Hindustan Unilever,2026-09-08,09:15,2682.45
HINDUNILVR,Hindustan Unilever,2026-09-08,09:45,2674.12
HINDUNILVR,Hindustan Unilever,2026-09-08,10:15,2665.53
HINDUNILVR,Hindustan Unilever,2026-09-08,10:45,2671.43
HINDUNILVR,Hindustan Unilever,2026-09-08,11:15,2679.43
HINDUNILVR,Hindustan Unilever,2026-09-08,11:45,2667.85
HINDUNILVR,Hindustan Unilever,2026-09-08,12:15,2659.9
HINDUNILVR,Hindustan Unilever,2026-09-08,12:45,2668.0
HINDUNILVR,Hindustan Unilever,2026-09-08,13:15,2670.36
HINDUNILVR,Hindustan Unilever,2026-09-08,13:45,2657.18
HINDUNILVR,Hindustan Unilever,2026-09-08,14:15,2655.0
HINDUNILVR,Hindustan Unilever,2026-09-08,14:45,2669.05
HINDUNILVR,Hindustan Unilever,2026-09-08,15:15,2666.48
HINDUNILVR,Hindustan Unilever,2026-09-09,09:15,2702.71
HINDUNILVR,Hindustan Unilever,2026-09-09,09:45,2687.04
HINDUNILVR,Hindustan Unilever,2026-09-09,10:15,2663.47
HINDUNILVR,Hindustan Unilever,2026-09-09,10:45,2655.96
HINDUNILVR,Hindustan Unilever,2026-09-09,11:15,2660.45
HINDUNILVR,Hindustan Unilever,2026-09-09,11:45,2652.13
HINDUNILVR,Hindustan Unilever,2026-09-09,12:15,2651.75
HINDUNILVR,Hindustan Unilever,2026-09-09,12:45,2672.26
HINDUNILVR,Hindustan Unilever,2026-09-09,13:15,2681.57
HINDUNILVR,Hindustan Unilever,2026-09-09,13:45,2675.38
HINDUNILVR,Hindustan Unilever,2026-09-09,14:15,2676.14
HINDUNILVR,Hindustan Unilever,2026-09-09,14:45,2684.81
HINDUNILVR,Hindustan Unilever,2026-09-09,15:15,2684.95
HINDUNILVR,Hindustan Unilever,2026-09-10,09:15,2684.24
HINDUNILVR,Hindustan Unilever,2026-09-10,09:45,2675.63
HINDUNILVR,Hindustan Unilever,2026-09-10,10:15,2666.56
HINDUNILVR,Hindustan Unilever,2026-09-10,10:45,2660.34
HINDUNILVR,Hindustan Unilever,2026-09-10,11:15,2664.54
HINDUNILVR,Hindustan Unilever,2026-09-10,11:45,2659.77
HINDUNILVR,Hindustan Unilever,2026-09-10,12:15,2653.51
HINDUNILVR,Hindustan Unilever,2026-09-10,12:45,2661.07
HINDUNILVR,Hindustan Unilever,2026-09-10,13:15,2665.37
HINDUNILVR,Hindustan Unilever,2026-09-10,13:45,2668.86
HINDUNILVR,Hindustan Unilever,2026-09-10,14:15,2670.82
HINDUNILVR,Hindustan Unilever,2026-09-10,14:45,2680.24
HINDUNILVR,Hindustan Unilever,2026-09-10,15:15,2689.42
HINDUNILVR,Hindustan Unilever,2026-09-11,09:15,2681.35
HINDUNILVR,Hindustan Unilever,2026-09-11,09:45,2668.23
HINDUNILVR,Hindustan Unilever,2026-09-11,10:15,2652.9
HINDUNILVR,Hindustan Unilever,2026-09-11,10:45,2656.94
HINDUNILVR,Hindustan Unilever,2026-09-11,11:15,2658.36
HINDUNILVR,Hindustan Unilever,2026-09-11,11:45,2652.78
HINDUNILVR,Hindustan Unilever,2026-09-11,12:15,2638.67
HINDUNILVR,Hindustan Unilever,2026-09-11,12:45,2657.83
HINDUNILVR,Hindustan Unilever,2026-09-11,13:15,2657.58
HINDUNILVR,Hindustan Unilever,2026-09-11,13:45,2647.64
HINDUNILVR,Hindustan Unilever,2026-09-11,14:15,2654.37
HINDUNILVR,Hindustan Unilever,2026-09-11,14:45,2667.15
HINDUNILVR,Hindustan Unilever,2026-09-11,15:15,2681.24
HINDUNILVR,Hindustan Unilever,2026-09-14,09:15,2697.15
HINDUNILVR,Hindustan Unilever,2026-09-14,09:45,2688.48
HINDUNILVR,Hindustan Unilever,2026-09-14,10:15,2668.75
HINDUNILVR,Hindustan Unilever,2026-09-14,10:45,2673.76
HINDUNILVR,Hindustan Unilever,2026-09-14,11:15,2670.1
HINDUNILVR,Hindustan Unilever,2026-09-14,11:45,2663.37
HINDUNILVR,Hindustan Unilever,2026-09-14,12:15,2656.48
HINDUNILVR,Hindustan Unilever,2026-09-14,12:45,2661.99
HINDUNILVR,Hindustan Unilever,2026-09-14,13:15,2676.09
HINDUNILVR,Hindustan Unilever,2026-09-14,13:45,2662.65
HINDUNILVR,Hindustan Unilever,2026-09-14,14:15,2672.11
HINDUNILVR,Hindustan Unilever,2026-09-14,14:45,2687.86
HINDUNILVR,Hindustan Unilever,2026-09-14,15:15,2689.36
HINDUNILVR,Hindustan Unilever,2026-09-15,09:15,2710.37
HINDUNILVR,Hindustan Unilever,2026-09-15,09:45,2702.72
HINDUNILVR,Hindustan Unilever,2026-09-15,10:15,2697.11
HINDUNILVR,Hindustan Unilever,2026-09-15,10:45,2697.41
HINDUNILVR,Hindustan Unilever,2026-09-15,11:15,2698.08
HINDUNILVR,Hindustan Unilever,2026-09-15,11:45,2691.71
HINDUNILVR,Hindustan Unilever,2026-09-15,12:15,2691.75
HINDUNILVR,Hindustan Unilever,2026-09-15,12:45,2701.38
HINDUNILVR,Hindustan Unilever,2026-09-15,13:15,2701.13
HINDUNILVR,Hindustan Unilever,2026-09-15,13:45,2697.18
HINDUNILVR,Hindustan Unilever,2026-09-15,14:15,2709.36
HINDUNILVR,Hindustan Unilever,2026-09-15,14:45,2725.89
HINDUNILVR,Hindustan Unilever,2026-09-15,15:15,2722.59
HINDUNILVR,Hindustan Unilever,2026-09-16,09:15,2706.06
HINDUNILVR,Hindustan Unilever,2026-09-16,09:45,2695.28
HINDUNILVR,Hindustan Unilever,2026-09-16,10:15,2673.74
HINDUNILVR,Hindustan Unilever,2026-09-16,10:45,2670.76
HINDUNILVR,Hindustan Unilever,2026-09-16,11:15,2671.48
HINDUNILVR,Hindustan Unilever,2026-09-16,11:45,2655.43
HINDUNILVR,Hindustan Unilever,2026-09-16,12:15,2647.79
HINDUNILVR,Hindustan Unilever,2026-09-16,12:45,2660.35
HINDUNILVR,Hindustan Unilever,2026-09-16,13:15,2674.8
HINDUNILVR,Hindustan Unilever,2026-09-16,13:45,2675.59
HINDUNILVR,Hindustan Unilever,2026-09-16,14:15,2686.5
HINDUNILVR,Hindustan Unilever,2026-09-16,14:45,2706.13
HINDUNILVR,Hindustan Unilever,2026-09-16,15:15,2713.42
HINDUNILVR,Hindustan Unilever,2026-09-17,09:15,2690.92
HINDUNILVR,Hindustan Unilever,2026-09-17,09:45,2682.59
HINDUNILVR,Hindustan Unilever,2026-09-17,10:15,2664.17
HINDUNILVR,Hindustan Unilever,2026-09-17,10:45,2664.39
HINDUNILVR,Hindustan Unilever,2026-09-17,11:15,2660.85
HINDUNILVR,Hindustan Unilever,2026-09-17,11:45,2648.32
HINDUNILVR,Hindustan Unilever,2026-09-17,12:15,2638.6
HINDUNILVR,Hindustan Unilever,2026-09-17,12:45,2647.07
HINDUNILVR,Hindustan Unilever,2026-09-17,13:15,2648.96
HINDUNILVR,Hindustan Unilever,2026-09-17,13:45,2639.85
HINDUNILVR,Hindustan Unilever,2026-09-17,14:15,2649.3
HINDUNILVR,Hindustan Unilever,2026-09-17,14:45,2672.93
HINDUNILVR,Hindustan Unilever,2026-09-17,15:15,2683.81
HINDUNILVR,Hindustan Unilever,2026-09-18,09:15,2705.44
HINDUNILVR,Hindustan Unilever,2026-09-18,09:45,2696.45
HINDUNILVR,Hindustan Unilever,2026-09-18,10:15,2690.24
HINDUNILVR,Hindustan Unilever,2026-09-18,10:45,2698.1
HINDUNILVR,Hindustan Unilever,2026-09-18,11:15,2695.43
HINDUNILVR,Hindustan Unilever,2026-09-18,11:45,2677.19
HINDUNILVR,Hindustan Unilever,2026-09-18,12:15,2673.17
HINDUNILVR,Hindustan Unilever,2026-09-18,12:45,2690.36
HINDUNILVR,Hindustan Unilever,2026-09-18,13:15,2691.95
HINDUNILVR,Hindustan Unilever,2026-09-18,13:45,2678.04
HINDUNILVR,Hindustan Unilever,2026-09-18,14:15,2685.3
HINDUNILVR,Hindustan Unilever,2026-09-18,14:45,2709.67
HINDUNILVR,Hindustan Unilever,2026-09-18,15:15,2718.15
HINDUNILVR,Hindustan Unilever,2026-09-21,09:15,2727.81
HINDUNILVR,Hindustan Unilever,2026-09-21,09:45,2718.93
HINDUNILVR,Hindustan Unilever,2026-09-21,10:15,2700.53
HINDUNILVR,Hindustan Unilever,2026-09-21,10:45,2711.8
HINDUNILVR,Hindustan Unilever,2026-09-21,11:15,2717.34
HINDUNILVR,Hindustan Unilever,2026-09-21,11:45,2706.33
HINDUNILVR,Hindustan Unilever,2026-09-21,12:15,2708.93
HINDUNILVR,Hindustan Unilever,2026-09-21,12:45,2713.76
HINDUNILVR,Hindustan Unilever,2026-09-21,13:15,2720.34
HINDUNILVR,Hindustan Unilever,2026-09-21,13:45,2713.09
HINDUNILVR,Hindustan Unilever,2026-09-21,14:15,2714.81
HINDUNILVR,Hindustan Unilever,2026-09-21,14:45,2741.76
HINDUNILVR,Hindustan Unilever,2026-09-21,15:15,2741.65
